# Blender 4.0.1
# www.blender.org
mtllib stones.mtl
o stone1
v -834.724304 -67.771919 -62.678219
v -783.062195 81.443451 -17.853832
v -830.760986 75.568237 17.078562
v -846.860107 65.906029 8.289845
v -752.786011 77.936340 -15.497841
v -768.802185 81.169739 -8.880888
v -785.041931 81.975128 1.299456
v -811.444824 78.850388 11.855799
v -743.432739 -19.721022 43.556480
v -764.969238 70.748154 -44.821568
v -775.707275 70.697861 -44.382908
v -837.849548 29.208797 -50.853561
v -835.285400 -8.331410 -65.047928
v -843.576416 -20.190538 -56.113838
v -859.844238 48.101589 11.964237
v -856.594666 -8.724916 -34.223011
v -811.026978 -23.870975 53.445210
v -770.467407 -76.151268 60.259998
v -849.189392 19.370892 38.913700
v -810.326416 -6.397776 56.291782
v -781.064148 -27.157372 68.407753
v -863.495361 3.904969 2.777728
v -759.900574 -57.402275 70.332909
v -764.916565 -41.609486 73.277512
v -735.232910 43.537270 9.845476
v -736.293518 53.796215 2.489528
v -790.735107 -19.693354 -48.521732
v -804.002869 -37.420544 -61.276009
v -806.637756 -63.259716 -57.260216
v -755.363159 28.942398 -33.833397
v -761.491577 34.820831 -58.305202
v -783.326416 29.585340 -66.550819
v -824.501038 -28.896008 -69.950432
v -797.335938 31.949524 -69.251129
v -842.208984 -32.649139 -56.652344
v -802.724365 -80.011978 5.654912
v -766.232056 -56.248642 75.241959
v -807.924683 66.089401 -26.607105
v -796.499023 69.873184 -26.080572
v -824.505127 50.609024 -43.907574
v -837.092590 57.896687 -19.967148
v -834.512207 66.312943 38.283806
v -816.343689 72.474068 30.510700
v -803.543579 79.905716 5.937358
v -778.787354 46.194912 26.966434
v -796.178650 30.815220 48.383434
v -773.227539 34.187717 38.096500
v -746.473816 16.652809 29.110645
v -745.257446 -1.083870 32.286541
v -773.174133 -7.785262 51.573540
v -763.677490 11.120906 37.649731
v -751.780090 52.251911 11.681442
v -743.824036 38.464378 18.437395
v -743.440918 61.508995 -13.883984
v -748.274658 69.509911 -4.127854
v -758.818420 80.944443 -34.382011
v -749.577209 70.704918 -33.441483
v -753.825195 62.962921 -39.932686
v -775.513855 43.774845 -61.099922
v -764.545776 51.389832 -58.814682
v -753.759216 51.549118 -47.796490
v -787.062744 48.631199 -60.380531
v -790.132385 59.920208 -50.959541
v -776.959961 56.950867 -53.452312
v -797.182251 55.360855 -56.042469
v -809.081543 48.007793 -59.652275
v -797.871338 42.922016 -64.824028
v -810.598755 40.324600 -66.111931
v -819.555664 7.204047 -68.728500
v -831.815735 13.996535 -60.528095
v -844.039368 -49.541058 -52.868683
v -847.505310 13.506687 -40.273876
v -844.406677 38.395020 -25.492966
v -856.735535 59.850334 8.118210
v -858.954590 15.944698 -16.036177
v -858.784790 -4.294957 -16.284328
v -867.357239 36.722736 22.982643
v -791.403809 -41.030113 59.254574
v -816.467407 -9.518121 47.424080
v -832.190247 9.046431 47.212132
v -780.166504 -39.941036 70.236221
v -797.311157 -22.724333 61.833912
v -852.443115 51.046326 35.034725
v -831.842407 17.674294 48.918507
v -823.526367 35.079990 49.066631
v -846.425659 -36.711414 -48.316242
v -848.940857 -22.232016 -27.626329
v -841.193176 -54.729153 -33.872719
v -840.895630 -36.253922 -31.416103
v -842.947571 -39.075462 -15.843714
v -847.524658 -24.113192 -8.376516
v -828.666565 -81.362518 -35.860813
v -830.034851 -15.423036 22.204550
v -808.151245 -59.443623 13.412137
v -826.240662 -40.073551 14.576828
v -798.741943 -0.915435 59.171432
v -788.568420 -3.926751 55.964615
v -743.504517 -47.853546 69.560616
v -775.143555 -22.256828 62.644333
v -751.952332 -48.514484 69.430443
v -737.755127 -59.894192 55.356617
v -750.987244 -60.963291 61.350025
v -738.941284 -30.621777 53.724194
v -747.041504 -51.393665 34.519638
v -743.257080 -9.723471 27.827576
v -743.018799 -47.313072 52.478577
v -741.510498 -31.947592 38.845547
v -746.099548 -0.626192 11.056628
v -734.245178 18.530952 16.502937
v -736.030701 58.450401 -31.318146
v -735.278076 41.465374 -18.216341
v -740.812073 13.478012 -2.822358
v -778.411865 0.089539 -43.963638
v -768.389893 21.653814 -46.143921
v -802.173584 -1.536978 -71.327431
v -746.279297 -20.985342 12.213710
v -743.083984 -37.368019 23.714499
v -748.661926 -0.255596 0.250078
v -767.144226 -42.743797 -5.794254
v -771.413330 -26.684219 -20.494802
v -789.890076 9.526738 -67.026505
v -810.407166 -54.156910 -57.749199
v -818.413330 -46.105022 -69.995422
v -811.742493 -24.299141 -67.327301
v -803.248230 16.722250 -71.611130
v -819.377258 -6.815648 -75.390160
v -788.646545 35.667625 -68.353638
v -834.581787 -23.219002 -67.692978
v -834.293152 -49.687767 -63.832630
v -821.554565 -71.084091 -60.845463
v -821.184326 -62.724041 -63.361176
v -835.817261 -74.401131 -44.746101
v -802.399170 -76.520821 -3.645050
v -776.611206 -72.576180 1.394628
v -748.428223 -73.675858 50.926220
v -775.300476 -77.002625 22.125799
v -767.466980 -80.089828 55.401646
v -760.849365 -79.828743 55.493378
v -768.626099 -68.976143 67.741600
v -819.138123 -79.361839 -23.137587
v -809.312927 -75.952545 -53.792892
v -755.720154 -68.685905 59.834023
v -823.392944 -78.148331 -40.849907
v -817.300415 -76.785484 -46.348877
v -756.447998 -70.002930 19.646404
v -745.174316 -64.953606 40.691414
v -766.227844 -60.165985 6.129569
vn 0.1182 0.9000 0.4196
vn -0.2864 0.9223 -0.2594
vn -0.0709 0.9779 0.1967
vn 0.2499 0.9145 0.3182
vn 0.3170 0.8491 -0.4226
vn 0.5815 0.7872 0.2055
vn -0.3205 0.8646 -0.3869
vn -0.3389 0.9399 0.0418
vn 0.0577 0.9893 0.1338
vn -0.2073 0.7423 -0.6372
vn -0.4873 0.7096 -0.5090
vn -0.3141 0.7002 -0.6412
vn -0.1579 0.7673 -0.6215
vn -0.1447 0.7496 -0.6458
vn -0.3161 0.8717 -0.3744
vn 0.2510 0.5894 -0.7679
vn -0.5582 0.7099 -0.4295
vn -0.5347 0.8328 -0.1435
vn -0.6470 0.4038 0.6468
vn -0.9389 0.3382 -0.0635
vn -0.9522 0.1449 0.2688
vn 0.2125 0.7852 0.5817
vn -0.2914 0.6478 0.7039
vn 0.3290 0.5971 0.7316
vn 0.3638 0.6107 0.7034
vn 0.4571 0.4079 0.7904
vn 0.4366 0.5105 0.7408
vn 0.2662 0.3952 0.8792
vn 0.4371 0.2565 0.8621
vn 0.3949 0.4572 0.7969
vn 0.8245 0.2018 0.5287
vn 0.3502 0.5426 0.7635
vn 0.2689 0.0495 0.9619
vn 0.5724 0.6251 0.5307
vn 0.3616 0.4068 0.8389
vn 0.3299 0.8031 0.4961
vn 0.7898 0.4885 0.3709
vn 0.7449 0.6659 0.0415
vn 0.9539 -0.1140 0.2776
vn 0.5371 0.2579 0.8031
vn 0.8232 0.3228 0.4670
vn 0.6886 0.5654 -0.4540
vn 0.5351 0.4376 -0.7226
vn 0.7568 0.1018 -0.6457
vn 0.8773 0.2785 -0.3908
vn 0.1353 0.2997 -0.9444
vn 0.6383 -0.3136 -0.7030
vn 0.4433 -0.0640 -0.8941
vn -0.0326 0.5614 -0.8269
vn 0.3224 0.3476 -0.8805
vn 0.1111 0.5301 -0.8406
vn 0.2891 0.2427 -0.9260
vn -0.0089 0.5063 -0.8623
vn -0.3000 0.4356 -0.8487
vn 0.0083 0.1821 -0.9832
vn -0.4180 0.2923 -0.8602
vn -0.6736 0.1778 -0.7174
vn -0.5348 0.2425 -0.8094
vn -0.5855 -0.0499 -0.8091
vn -0.1483 0.0349 -0.9883
vn -0.0066 0.1378 -0.9904
vn -0.8263 -0.0684 -0.5590
vn -0.5209 -0.1195 -0.8452
vn -0.9364 -0.1756 -0.3038
vn -0.8307 0.0195 -0.5563
vn -0.7308 0.3608 -0.5794
vn -0.9750 -0.1639 -0.1499
vn -0.8470 0.2335 -0.4775
vn -0.7908 0.4170 -0.4480
vn -0.9573 -0.1078 -0.2681
vn -0.7611 0.6351 -0.1319
vn -0.9353 0.1503 -0.3204
vn -0.9619 -0.2607 -0.0823
vn -0.8719 -0.4809 0.0928
vn -0.7247 -0.3464 0.5956
vn -0.5032 -0.1655 0.8482
vn -0.5715 -0.3113 0.7592
vn -0.4760 -0.0993 0.8738
vn -0.6851 -0.2155 0.6958
vn -0.6693 -0.4127 0.6178
vn 0.0153 -0.2613 0.9651
vn -0.3813 -0.6803 0.6260
vn -0.4712 -0.4505 0.7583
vn -0.0243 0.3408 0.9398
vn -0.4591 -0.1019 0.8825
vn -0.6257 -0.2476 0.7397
vn 0.0204 0.2469 0.9688
vn -0.1387 0.2446 0.9597
vn -0.4730 -0.0077 0.8810
vn -0.4888 -0.5006 -0.7145
vn -0.6897 -0.7223 -0.0520
vn -0.8143 -0.5088 0.2795
vn -0.9382 -0.3188 0.1346
vn -0.7478 -0.4410 0.4963
vn -0.4730 -0.7910 0.3882
vn -0.4714 -0.8689 0.1510
vn -0.7300 -0.5031 0.4625
vn -0.9093 -0.3617 0.2058
vn -0.7572 -0.4838 0.4389
vn -0.2849 -0.9489 0.1359
vn 0.4925 -0.3390 0.8016
vn 0.2476 0.3368 0.9085
vn 0.5178 0.0823 0.8515
vn 0.4362 -0.5220 0.7330
vn 0.9435 -0.2579 0.2083
vn 0.6290 -0.7559 0.1815
vn 0.4706 -0.5143 0.7169
vn 0.9946 0.0360 -0.0971
vn 0.8697 0.2845 0.4034
vn 0.9919 0.1164 -0.0500
vn 0.9892 -0.0710 -0.1281
vn 0.9524 -0.2576 -0.1630
vn 0.9103 -0.1364 -0.3908
vn 0.9254 -0.2226 -0.3067
vn 0.8131 -0.4500 -0.3692
vn 0.9116 -0.2499 -0.3264
vn 0.8969 -0.2317 -0.3767
vn 0.7474 -0.4459 -0.4925
vn 0.4672 -0.1762 -0.8664
vn 0.7453 -0.2624 -0.6129
vn 0.6915 -0.1948 -0.6956
vn 0.4659 -0.2245 -0.8559
vn 0.7465 -0.3634 -0.5573
vn 0.8388 -0.3431 -0.4227
vn 0.6895 -0.5143 -0.5100
vn 0.7583 -0.3135 -0.5716
vn 0.7914 -0.2999 -0.5327
vn 0.1903 -0.2428 -0.9512
vn -0.0892 -0.1220 -0.9885
vn 0.2012 -0.2406 -0.9496
vn 0.6663 -0.1482 -0.7308
vn 0.6359 -0.0850 -0.7671
vn 0.0542 -0.6732 -0.7374
vn 0.3686 -0.7653 -0.5277
vn -0.0322 -0.9802 -0.1953
vn 0.0756 -0.9531 -0.2932
vn 0.2342 -0.9610 -0.1473
vn 0.2110 -0.9648 -0.1570
vn -0.0687 -0.9252 0.3732
vn 0.2474 -0.8525 0.4605
vn 0.7382 -0.4894 -0.4643
vn 0.8628 -0.3420 -0.3723
vn 0.6010 -0.7109 -0.3652
vn 0.7902 -0.2776 -0.5464
vn -0.9631 -0.2470 0.1068
vn -0.9540 -0.2550 0.1575
vn 0.5717 -0.2762 -0.7725
vt 0.943616 0.913464
vt 0.951118 0.902783
vt 0.951745 0.925655
vt 0.940171 0.900751
vt 0.946963 0.885538
vt 0.935829 0.890007
vt 0.972530 0.909471
vt 0.961817 0.945361
vt 0.953369 0.933007
vt 0.961450 0.885534
vt 0.995388 0.907107
vt 0.994694 0.888783
vt 0.975468 0.885810
vt 0.983162 0.885863
vt 0.964965 0.904350
vt 0.955597 0.880283
vt 0.988144 0.927990
vt 0.976785 0.949862
vt 0.725101 0.967924
vt 0.707871 0.966391
vt 0.714272 0.957326
vt 0.947457 0.946712
vt 0.953633 0.961866
vt 0.910539 0.902776
vt 0.914784 0.930662
vt 0.915473 0.744027
vt 0.891479 0.745098
vt 0.915064 0.731136
vt 0.888134 0.732483
vt 0.869402 0.735285
vt 0.890578 0.713885
vt 0.875534 0.701820
vt 0.903942 0.699842
vt 0.790727 0.928908
vt 0.787629 0.915034
vt 0.803252 0.893772
vt 0.894275 0.683606
vt 0.769277 0.958097
vt 0.777509 0.930301
vt 0.925752 0.891416
vt 0.909876 0.885896
vt 0.925624 0.881538
vt 0.919346 0.715897
vt 0.906273 0.715206
vt 0.929046 0.741302
vt 0.924210 0.733398
vt 0.941916 0.878250
vt 0.947978 0.872503
vt 0.953780 0.862448
vt 0.931946 0.866771
vt 0.976508 0.866367
vt 0.969903 0.853432
vt 0.989669 0.860028
vt 0.969890 0.876848
vt 0.965826 0.866500
vt 0.981712 0.875492
vt 0.991515 0.866895
vt 0.992578 0.877465
vt 0.894836 0.839630
vt 0.888279 0.846714
vt 0.883100 0.839148
vt 0.898613 0.846105
vt 0.915814 0.843805
vt 0.889803 0.815220
vt 0.895949 0.800293
vt 0.901662 0.815967
vt 0.890452 0.790600
vt 0.883842 0.806035
vt 0.881567 0.826810
vt 0.897527 0.780243
vt 0.884887 0.770556
vt 0.895855 0.766889
vt 0.901499 0.789094
vt 0.912974 0.824044
vt 0.903350 0.774768
vt 0.920081 0.809987
vt 0.933726 0.827944
vt 0.922259 0.791507
vt 0.965386 0.837846
vt 0.940646 0.806423
vt 0.689005 0.942313
vt 0.705083 0.976061
vt 0.936353 0.790954
vt 0.922910 0.778887
vt 0.690816 0.926538
vt 0.751206 0.924299
vt 0.759233 0.927363
vt 0.741957 0.939420
vt 0.769339 0.914262
vt 0.757448 0.913652
vt 0.771242 0.899539
vt 0.790901 0.889702
vt 0.785071 0.874368
vt 0.788710 0.880676
vt 0.782468 0.909970
vt 0.782556 0.900582
vt 0.729002 0.946737
vt 0.768784 0.931308
vt 0.735597 0.982229
vt 0.748149 0.958538
vt 0.742795 0.945635
vt 0.881359 0.756512
vt 0.892226 0.745704
vt 0.701532 0.908915
vt 0.704776 0.935543
vt 0.729385 0.917254
vt 0.486606 0.722845
vt 0.491079 0.740740
vt 0.486576 0.732613
vt 0.683884 0.855108
vt 0.737078 0.876972
vt 0.698496 0.893897
vt 0.727770 0.896420
vt 0.737432 0.857701
vt 0.796004 0.887653
vt 0.792955 0.898559
vt 0.878564 0.663179
vt 0.872398 0.664457
vt 0.873951 0.651828
vt 0.884775 0.654159
vt 0.803959 0.880962
vt 0.883872 0.641038
vt 0.873163 0.643776
vt 0.888720 0.662318
vt 0.888005 0.674265
vt 0.907469 0.691958
vt 0.899127 0.673283
vt 0.922444 0.698725
vt 0.920649 0.682159
vt 0.955058 0.745704
vt 0.945162 0.732027
vt 0.933606 0.710464
vt 0.911169 0.668608
vt 0.902124 0.657088
vt 0.908177 0.089719
vt 0.908084 0.110227
vt 0.889119 0.109090
vt 0.967179 0.062789
vt 0.945751 0.059896
vt 0.963042 0.051305
vt 0.959016 0.079550
vt 0.932377 0.072419
vt 0.931351 0.698227
vt 0.886592 0.093087
vt 0.888378 0.068653
vt 0.894076 0.057881
vt 0.923311 0.088711
vt 0.891653 0.039747
vt 0.922803 0.046107
vt 0.887832 0.024970
vt 0.916655 0.030187
vt 0.872921 0.777605
vt 0.881538 0.789217
vt 0.872860 0.795853
vt 0.979898 0.035423
vt 0.968910 0.038610
vt 0.968847 0.031031
vt 0.976909 0.048684
vt 0.872733 0.843132
vt 0.874028 0.814889
vt 0.878828 0.845061
vt 0.872061 0.763240
vt 0.473095 0.747864
vt 0.458509 0.742007
vt 0.468648 0.737145
vt 0.476333 0.735790
vt 0.482361 0.756557
vt 0.482154 0.734505
vt 0.485275 0.704671
vt 0.479509 0.676542
vt 0.489255 0.651876
vt 0.485025 0.648903
vt 0.473690 0.646563
vt 0.466356 0.670057
vt 0.874369 0.632376
vt 0.785583 0.869036
vt 0.490252 0.699343
vt 0.869402 0.629314
vt 0.798641 0.875192
vt 0.894540 0.646849
vt 0.469884 0.690747
vt 0.458509 0.682222
vt 0.962909 0.846714
vt 0.938339 0.844469
vt 0.708757 0.984857
vt 0.909876 0.957697
vt 0.915806 0.768168
vt 0.683884 0.907457
vt 0.907238 0.756392
vt 0.684001 0.892137
vt 0.687232 0.875330
vt 0.708296 0.853432
vt 0.922620 0.103494
vt 0.940289 0.100043
vt 0.948040 0.086250
vt 0.887305 0.011315
vt 0.913846 0.014283
vt 0.869402 0.827259
vt 0.468142 0.754181
vt 0.463853 0.652126
vt 0.886592 -0.000000
s 1
usemtl stones
f 7/1/1 2/2/2 44/3/3
f 6/4/4 2/2/2 7/1/1
f 56/5/5 6/4/4 5/6/6
f 38/7/7 3/8/8 8/9/9
f 2/2/2 11/10/10 44/3/3
f 11/10/10 2/2/2 56/5/5
f 40/11/11 38/7/7 66/12/12
f 38/7/7 63/13/13 65/14/14
f 38/7/7 39/15/15 63/13/13
f 3/8/8 38/7/7 40/11/11
f 11/10/10 56/5/5 10/16/16
f 3/8/8 40/11/11 41/17/17
f 41/17/17 4/18/18 3/8/8
f 83/19/19 15/20/20 77/21/21
f 43/22/22 3/8/8 42/23/23
f 7/1/1 52/24/24 6/4/4
f 44/3/3 45/25/25 7/1/1
f 52/26/24 45/27/25 53/28/26
f 47/29/27 45/27/25 46/30/28
f 51/31/29 50/32/30 49/33/31
f 50/34/30 99/35/32 100/36/33
f 51/31/29 46/30/28 50/32/30
f 49/33/31 50/32/30 9/37/34
f 50/34/30 46/38/28 97/39/35
f 55/40/36 52/24/24 26/41/37
f 26/41/37 54/42/38 55/40/36
f 109/43/39 48/44/40 49/33/31
f 26/45/37 52/26/24 25/46/41
f 109/43/39 53/28/26 48/44/40
f 55/40/36 54/42/38 5/6/6
f 57/47/42 56/5/5 5/6/6
f 56/5/5 57/47/42 58/48/43
f 56/5/5 58/48/43 10/16/16
f 10/16/16 58/48/43 61/49/44
f 61/49/44 58/48/43 110/50/45
f 58/48/43 57/47/42 110/50/45
f 59/51/46 31/52/47 32/53/48
f 64/54/49 10/16/16 60/55/50
f 62/56/51 32/53/48 127/57/52
f 62/56/51 59/51/46 32/53/48
f 64/54/49 59/51/46 62/56/51
f 64/54/49 60/55/50 59/51/46
f 63/13/13 11/10/10 10/16/16
f 67/58/53 65/14/14 62/56/51
f 68/59/54 67/60/53 34/61/55
f 68/59/54 66/62/12 67/60/53
f 40/63/11 66/62/12 68/59/54
f 69/64/56 13/65/57 70/66/58
f 128/67/59 13/65/57 126/68/60
f 125/69/61 69/64/56 34/61/55
f 126/68/60 13/65/57 69/64/56
f 34/61/55 69/64/56 68/59/54
f 35/70/62 129/71/63 71/72/64
f 14/73/65 13/65/57 128/67/59
f 70/66/58 12/74/66 68/59/54
f 86/75/67 35/70/62 71/72/64
f 12/74/66 13/65/57 72/76/68
f 12/74/66 72/76/68 73/77/69
f 16/78/70 14/73/65 35/70/62
f 74/79/71 72/76/68 75/80/72
f 70/66/58 13/65/57 12/74/66
f 75/81/72 15/20/20 74/82/71
f 76/83/73 16/78/70 87/84/74
f 77/21/21 75/81/72 76/85/73
f 79/86/75 20/87/76 80/88/77
f 82/89/78 20/87/76 79/86/75
f 82/89/78 17/90/79 78/91/80
f 37/92/81 18/93/82 139/94/83
f 21/95/84 81/96/85 37/92/81
f 19/97/86 83/19/19 77/21/21
f 96/98/87 20/87/76 21/95/84
f 21/95/84 82/89/78 81/96/85
f 21/95/84 20/87/76 82/89/78
f 42/99/23 83/19/19 85/100/88
f 83/19/19 84/101/89 85/100/88
f 1/102/90 132/103/91 71/72/64
f 91/104/92 19/97/86 22/105/93
f 91/104/92 93/106/94 19/97/86
f 93/106/94 79/86/75 19/97/86
f 140/107/95 132/108/91 92/109/96
f 132/110/91 94/111/97 90/112/98
f 90/112/98 95/113/99 93/106/94
f 78/91/80 95/113/99 94/111/97
f 94/111/97 36/114/100 18/93/82
f 22/105/93 19/97/86 77/21/21
f 96/98/87 97/39/35 46/38/28
f 23/115/101 100/36/33 24/116/102
f 24/116/102 99/35/32 21/95/84
f 99/35/32 50/34/30 97/39/35
f 100/36/33 99/35/32 24/116/102
f 98/117/103 100/118/33 102/119/104
f 98/117/103 102/119/104 101/120/105
f 102/121/104 100/36/33 23/115/101
f 101/120/105 102/119/104 135/122/106
f 135/122/106 102/119/104 142/123/107
f 98/117/103 106/124/108 103/125/109
f 103/125/109 105/126/110 9/37/34
f 9/37/34 105/126/110 49/33/31
f 103/125/109 107/127/111 105/126/110
f 49/33/31 108/128/112 109/43/39
f 116/129/113 105/126/110 107/127/111
f 26/45/37 25/46/41 110/130/45
f 111/131/114 109/43/39 112/132/115
f 117/133/116 106/124/108 104/134/117
f 108/128/112 105/126/110 116/129/113
f 30/135/118 61/136/44 110/137/45
f 124/138/119 27/139/120 28/140/121
f 115/141/122 113/142/123 27/139/120
f 108/128/112 116/129/113 118/143/124
f 111/144/114 30/135/118 110/137/45
f 112/145/115 30/135/118 111/144/114
f 112/145/115 118/146/124 30/135/118
f 118/146/124 113/142/123 114/147/125
f 116/148/113 120/149/126 113/142/123
f 117/150/116 119/151/127 116/148/113
f 119/151/127 120/149/126 116/148/113
f 120/149/126 27/139/120 113/142/123
f 123/152/128 33/153/129 124/154/119
f 131/155/130 122/156/131 29/157/132
f 123/158/128 28/140/121 122/156/131
f 124/138/119 28/140/121 123/158/128
f 124/154/119 33/153/129 126/68/60
f 34/61/55 32/159/48 125/69/61
f 126/68/60 115/160/122 124/154/119
f 127/57/52 67/58/53 62/56/51
f 127/161/52 34/61/55 67/60/53
f 129/71/63 33/153/129 123/152/128
f 35/70/62 128/67/59 129/71/63
f 129/71/63 131/162/130 1/102/90
f 130/163/133 29/164/132 141/165/134
f 144/166/135 130/163/133 141/165/134
f 1/167/90 130/163/133 144/166/135
f 132/108/91 143/168/136 92/109/96
f 1/167/90 143/168/136 132/108/91
f 133/169/137 136/170/138 137/171/139
f 137/171/139 136/170/138 138/172/140
f 135/173/106 136/170/138 145/174/141
f 142/123/107 138/175/140 135/122/106
f 137/176/139 139/94/83 18/93/82
f 24/116/102 37/92/81 23/115/101
f 92/109/96 133/169/137 140/107/95
f 143/168/136 133/169/137 92/109/96
f 36/177/100 140/107/95 133/169/137
f 136/170/138 144/166/135 141/165/134
f 133/169/137 144/166/135 136/170/138
f 36/177/100 133/169/137 137/171/139
f 138/175/140 142/123/107 137/178/139
f 137/176/139 142/179/107 139/94/83
f 135/122/106 146/180/142 101/120/105
f 134/181/143 147/182/144 145/174/141
f 147/182/144 134/181/143 141/165/134
f 44/3/3 38/7/7 8/9/9
f 44/3/3 39/15/15 38/7/7
f 44/3/3 11/10/10 39/15/15
f 63/13/13 39/15/15 11/10/10
f 66/12/12 38/7/7 65/14/14
f 56/5/5 2/2/2 6/4/4
f 73/77/69 4/183/18 41/184/17
f 3/8/8 4/18/18 42/23/23
f 15/20/20 83/19/19 74/82/71
f 83/19/19 4/185/18 74/82/71
f 42/99/23 4/185/18 83/19/19
f 8/9/9 3/8/8 43/22/22
f 55/40/36 5/6/6 52/24/24
f 5/6/6 6/4/4 52/24/24
f 7/1/1 45/25/25 52/24/24
f 53/28/26 45/27/25 48/44/40
f 45/27/25 47/29/27 48/44/40
f 42/23/23 46/186/28 43/22/22
f 46/186/28 45/25/25 43/22/22
f 43/22/22 45/25/25 8/9/9
f 8/9/9 45/25/25 44/3/3
f 48/44/40 51/31/29 49/33/31
f 103/125/109 50/32/30 100/118/33
f 48/44/40 47/29/27 51/31/29
f 46/30/28 51/31/29 47/29/27
f 9/37/34 50/32/30 103/125/109
f 52/26/24 53/28/26 25/46/41
f 98/117/103 103/125/109 100/118/33
f 109/43/39 25/46/41 53/28/26
f 110/50/45 54/42/38 26/41/37
f 54/42/38 57/47/42 5/6/6
f 54/42/38 110/50/45 57/47/42
f 60/55/50 10/16/16 61/49/44
f 59/51/46 60/55/50 31/52/47
f 63/13/13 10/16/16 64/54/49
f 62/56/51 63/13/13 64/54/49
f 62/56/51 65/14/14 63/13/13
f 65/14/14 67/58/53 66/12/12
f 68/59/54 69/64/56 70/66/58
f 71/72/64 129/71/63 1/102/90
f 35/70/62 14/73/65 128/67/59
f 68/59/54 12/74/66 40/63/11
f 40/63/11 12/74/66 41/184/17
f 41/184/17 12/74/66 73/77/69
f 75/80/72 72/76/68 16/78/70
f 14/73/65 16/78/70 13/65/57
f 16/78/70 72/76/68 13/65/57
f 4/183/18 73/77/69 74/79/71
f 73/77/69 72/76/68 74/79/71
f 76/83/73 75/80/72 16/78/70
f 15/20/20 75/81/72 77/21/21
f 86/75/67 16/78/70 35/70/62
f 22/105/93 77/21/21 76/85/73
f 19/97/86 79/86/75 80/88/77
f 82/89/78 79/86/75 17/90/79
f 81/96/85 82/89/78 78/91/80
f 37/92/81 81/96/85 78/91/80
f 18/93/82 37/92/81 78/91/80
f 24/116/102 21/95/84 37/92/81
f 19/97/86 80/88/77 83/19/19
f 80/88/77 20/87/76 84/101/89
f 83/19/19 80/88/77 84/101/89
f 20/87/76 96/98/87 84/101/89
f 85/100/88 84/101/89 96/98/87
f 16/78/70 86/75/67 87/84/74
f 86/75/67 89/187/145 87/84/74
f 87/188/74 22/105/93 76/85/73
f 87/188/74 91/104/92 22/105/93
f 132/103/91 88/189/146 71/72/64
f 71/72/64 88/189/146 86/75/67
f 86/75/67 88/189/146 89/187/145
f 89/190/145 90/112/98 91/104/92
f 90/112/98 89/190/145 88/191/146
f 87/188/74 89/190/145 91/104/92
f 140/192/95 94/111/97 132/110/91
f 140/192/95 36/114/100 94/111/97
f 88/191/146 132/110/91 90/112/98
f 90/112/98 94/111/97 95/113/99
f 90/112/98 93/106/94 91/104/92
f 78/91/80 94/111/97 18/93/82
f 79/86/75 93/106/94 17/90/79
f 137/176/139 18/93/82 36/114/100
f 78/91/80 17/90/79 95/113/99
f 17/90/79 93/106/94 95/113/99
f 85/100/88 46/38/28 42/99/23
f 85/100/88 96/98/87 46/38/28
f 21/95/84 99/35/32 97/39/35
f 96/98/87 21/95/84 97/39/35
f 142/179/107 102/121/104 23/115/101
f 104/134/117 106/124/108 101/120/105
f 106/124/108 107/127/111 103/125/109
f 49/33/31 105/126/110 108/128/112
f 98/117/103 101/120/105 106/124/108
f 25/46/41 109/43/39 111/131/114
f 109/43/39 108/128/112 112/132/115
f 117/133/116 107/127/111 106/124/108
f 117/133/116 116/129/113 107/127/111
f 110/130/45 25/46/41 111/131/114
f 118/143/124 112/132/115 108/128/112
f 146/180/142 104/134/117 101/120/105
f 30/135/118 114/147/125 31/193/47
f 30/135/118 31/193/47 61/136/44
f 32/194/48 31/193/47 114/147/125
f 121/195/147 32/194/48 114/147/125
f 121/195/147 114/147/125 113/142/123
f 115/141/122 121/195/147 113/142/123
f 124/138/119 115/141/122 27/139/120
f 60/55/50 61/49/44 31/52/47
f 118/146/124 116/148/113 113/142/123
f 30/135/118 118/146/124 114/147/125
f 117/150/116 104/196/117 119/151/127
f 104/196/117 147/197/144 119/151/127
f 28/140/121 119/151/127 122/156/131
f 122/156/131 119/151/127 29/157/132
f 27/139/120 119/151/127 28/140/121
f 119/151/127 27/139/120 120/149/126
f 29/157/132 119/151/127 147/197/144
f 29/164/132 147/182/144 141/165/134
f 131/155/130 123/158/128 122/156/131
f 121/198/147 125/69/61 32/159/48
f 126/68/60 125/69/61 115/160/122
f 115/160/122 125/69/61 121/198/147
f 32/159/48 34/61/55 127/161/52
f 125/69/61 126/68/60 69/64/56
f 126/68/60 33/153/129 128/67/59
f 131/162/130 129/71/63 123/152/128
f 128/67/59 33/153/129 129/71/63
f 131/199/130 130/163/133 1/167/90
f 130/163/133 131/199/130 29/164/132
f 144/166/135 143/168/136 1/167/90
f 134/181/143 136/170/138 141/165/134
f 138/172/140 136/170/138 135/173/106
f 145/174/141 136/170/138 134/181/143
f 37/92/81 139/94/83 23/115/101
f 143/168/136 144/166/135 133/169/137
f 139/94/83 142/179/107 23/115/101
f 135/173/106 145/174/141 146/200/142
f 104/196/117 146/201/142 147/197/144
f 146/200/142 145/174/141 147/182/144
o stone2
v -548.650024 -101.851562 -118.955460
v -503.950592 120.242516 -58.744343
v -441.887390 117.154709 -68.635384
v -526.596008 121.538078 -17.297380
v -387.851105 98.225151 -19.534063
v -452.250580 103.073624 88.298325
v -445.543732 112.793495 -96.167274
v -398.091888 96.234360 -82.307259
v -510.114990 92.622101 -115.827927
v -572.059204 84.289261 -31.470829
v -555.762939 89.860420 -52.109135
v -529.183228 115.138535 -87.494896
v -543.347168 114.769920 61.473282
v -531.991882 121.556076 9.692154
v -513.995911 125.601646 48.202045
v -475.591370 112.685219 90.429909
v -495.566315 123.796333 94.446175
v -380.578278 83.287361 -31.834337
v -371.332733 69.423828 -91.493202
v -445.623627 -19.956108 -125.345566
v -464.174500 -45.496716 -122.675682
v -568.195374 37.830223 -114.601730
v -547.005920 17.345821 -116.824402
v -622.957397 15.844698 -69.475761
v -627.425842 48.039463 32.032879
v -616.827820 65.161476 74.335648
v -613.250916 48.612251 88.714699
v -621.071045 27.125418 85.468918
v -581.239136 65.019615 112.284866
v -517.753357 118.171188 92.989525
v -463.194122 98.915863 105.322388
v -433.635468 88.183197 107.227310
v -380.958740 61.183418 78.478996
v -391.538910 -13.040394 108.888260
v -379.761353 28.740580 78.634430
v -375.845703 33.106316 -68.350281
v -380.793182 -7.456460 -88.090721
v -378.695648 41.051380 -105.771088
v -370.701294 49.615547 -51.459187
v -429.342590 -42.142349 -104.529884
v -467.393433 -87.651306 -104.783951
v -568.708923 -110.473648 -108.094933
v -551.867493 -120.469093 -80.808144
v -601.924133 -73.190071 -121.147835
v -617.225098 -24.806087 -101.445480
v -595.541687 -1.300948 104.025627
v -530.964111 79.966476 113.510094
v -439.922577 83.668999 115.729370
v -506.200745 -18.556442 127.201210
v -511.496643 -28.235090 124.105713
v -540.591125 -52.542477 107.450035
v -571.219666 -57.915424 116.268684
v -458.427917 10.712380 118.467125
v -456.090637 -36.142601 128.915146
v -408.703003 51.225410 108.162582
v -397.554962 2.559267 116.883179
v -462.845886 -111.845032 97.405167
v -409.577362 -54.005135 104.809212
v -383.600708 -77.456192 56.309944
v -377.741882 -9.687385 12.753094
v -378.098206 -42.173134 15.546576
v -380.974609 -13.503443 -52.679695
v -382.643951 -32.380943 -68.301758
v -382.941010 -38.199295 -52.766354
v -387.703949 -53.138500 -64.859421
v -378.226318 -73.396263 -47.190952
v -380.747009 -92.395561 -50.361752
v -377.300751 -95.946472 -26.820595
v -395.146790 -116.355156 -35.798477
v -425.262268 -97.617691 -74.045364
v -581.354675 -115.781662 -95.967072
v -559.941650 -119.187149 -77.155289
v -589.540344 -113.682030 -83.622658
v -582.654968 -112.114243 -51.169098
v -594.405762 -107.675262 -29.774565
v -618.289124 -92.754349 -61.461838
v -492.840759 -108.078064 -52.553947
v -470.644623 -111.554672 -69.239403
v -462.510101 -112.209145 -40.313988
v -529.849854 -121.978142 -54.319168
v -569.450684 -107.396248 28.710026
v -554.217346 -124.887871 -67.277802
v -594.490051 -83.502853 70.405891
v -472.674652 -103.294815 103.397308
v -468.130554 -123.499313 81.138924
v -430.556580 -90.187843 99.626518
v -437.337097 -107.893799 90.473343
v -376.651581 -102.538284 30.960831
v -377.145172 -63.454693 11.132934
v -433.743713 -115.422096 4.526602
v -549.388550 -112.150894 38.595486
v -579.539307 -88.882919 81.790039
v -456.858734 120.662483 -64.163628
v -468.143280 121.459595 -75.326408
v -475.430634 115.224442 -95.884949
v -526.014954 108.832787 -109.214340
v -515.684814 115.743767 -92.961601
v -525.057129 123.797401 -56.096657
v -540.604004 112.510475 -18.887060
v -518.819336 125.062897 -10.708870
v -503.285889 125.888290 1.196726
v -494.065369 125.146904 -56.198387
v -481.365814 117.757774 26.163269
v -482.547516 123.305603 -25.494993
v -430.108368 113.313362 -55.801224
v -419.866943 100.391075 7.282616
v -423.071289 103.366173 -23.486776
v -466.514313 113.697517 37.562172
v -447.103973 114.428879 -7.263974
v -395.014893 98.517052 -46.094318
v -389.656433 92.765869 -36.303139
v -386.943665 93.866394 -77.856277
v -393.970184 95.376183 -64.305611
v -404.885376 102.857140 -61.721275
v -422.190613 107.552132 45.928749
v -503.437225 110.436569 -109.389473
v -476.183167 102.847061 -110.315620
v -430.937805 96.826012 -124.738930
v -411.393372 99.015610 -104.656578
v -424.072418 110.823288 -83.411095
v -449.838928 100.002350 -120.286575
v -415.142487 76.340149 -125.631180
v -439.874420 86.314453 -128.784149
v -473.552094 90.116051 -116.555977
v -491.453278 89.104347 -114.038834
v -532.578430 76.960373 -115.073074
v -542.617676 62.299091 -115.504539
v -561.482788 64.938690 -110.623108
v -583.754211 30.916872 -106.614876
v -595.062622 40.702534 -93.594719
v -547.281616 81.977417 -110.332153
v -570.784180 65.369820 -93.516136
v -624.415771 20.574076 -46.664505
v -592.516541 51.373627 -67.974648
v -594.375366 65.693214 -21.437815
v -610.481201 55.831600 -7.694969
v -583.574890 62.642334 -48.190945
v -604.915710 43.212196 -39.290264
v -551.158936 117.315422 16.143984
v -571.727295 102.984406 30.658890
v -555.421326 114.991776 58.216740
v -579.117676 89.388435 77.436241
v -575.065125 77.522697 109.746979
v -586.912964 73.454681 74.001419
v -543.521484 120.120049 39.627071
v -532.622803 122.891068 38.509960
v -592.484985 74.136711 9.996164
v -586.792542 78.926003 43.517654
v -608.197449 58.714439 50.148338
v -600.681702 62.612198 39.365078
v -493.868591 125.113594 47.143845
v -437.808746 102.981041 86.792885
v -406.650543 104.272171 7.694688
v -417.245819 100.605980 61.690044
v -421.157654 98.656677 89.959137
v -400.337463 98.747467 26.089691
v -402.696503 93.360176 75.709923
v -403.135681 90.416756 97.242432
v -391.775177 88.326698 42.084251
v -385.385986 88.250153 -12.347396
v -387.867889 89.018166 14.946773
v -381.044067 82.743423 -90.790070
v -383.856445 83.984222 -103.943863
v -397.565704 84.011093 -123.025215
v -376.693878 73.833633 -36.093952
v -379.844482 70.367531 16.059074
v -379.899597 73.294899 -14.777681
v -381.859894 81.273499 -61.114838
v -386.093231 52.052288 -114.093948
v -378.933777 74.999023 -105.235909
v -393.705475 38.220474 -119.687141
v -402.907654 -30.312384 -105.797211
v -420.258270 -5.485570 -118.389557
v -400.310699 16.934164 -116.866158
v -428.271667 -35.537357 -114.356842
v -417.572632 38.790806 -124.940002
v -427.312561 23.214027 -128.345474
v -457.649078 -39.115734 -121.244957
v -444.080688 4.842665 -125.495895
v -451.414429 19.286568 -121.182701
v -439.091736 58.199318 -126.369270
v -466.820129 64.604881 -129.260513
v -457.750031 51.691319 -131.922562
v -473.644196 77.438232 -124.670044
v -446.331787 72.077927 -129.837204
v -494.676727 59.143425 -123.792633
v -532.208923 37.028595 -120.938095
v -517.202881 54.740845 -122.689713
v -505.119659 24.814579 -129.445618
v -475.362488 -2.221055 -121.622513
v -468.683197 11.095499 -124.492577
v -502.291168 -41.521935 -116.804588
v -498.178345 -21.321838 -118.994011
v -500.764557 -5.851988 -125.558891
v -522.741577 -42.325294 -117.652008
v -547.835022 -61.884109 -113.501862
v -534.608093 -67.464432 -118.844772
v -565.017761 -82.507385 -119.003799
v -556.000916 -13.407011 -123.292473
v -570.689026 -54.108269 -121.451355
v -593.739868 -56.417835 -120.144691
v -587.272644 -38.001518 -121.508446
v -585.335999 -8.010669 -113.526466
v -579.583252 11.008957 -112.983643
v -597.692566 12.910681 -108.134827
v -587.328369 18.230707 -109.479866
v -601.284607 18.071987 -102.593102
v -611.435547 -6.664707 -104.553185
v -611.682922 11.294474 -93.601158
v -620.459106 -45.437977 -89.429993
v -617.330383 -55.254219 -98.988411
v -619.699402 -6.775639 -87.198296
v -622.961914 -23.161858 -79.730400
v -627.702148 -31.289726 -38.456417
v -629.190002 -36.250065 -18.560833
v -626.353455 -63.354195 -42.309959
v -627.068970 -56.484531 -70.537331
v -620.880493 -14.646242 30.900925
v -628.221924 -11.779132 -6.631489
v -627.434753 25.572624 22.909590
v -623.965149 38.442364 74.137657
v -623.233887 29.251608 50.560368
v -626.576050 25.896812 -9.155993
v -624.918701 53.895451 26.204031
v -624.295044 45.602211 -1.112696
v -627.306946 30.261761 -29.311911
v -615.941711 5.438904 83.186653
v -613.903809 23.541122 92.287773
v -592.143860 67.991936 97.297134
v -575.463562 94.973465 110.464157
v -554.712402 113.051376 103.445267
v -563.306946 94.621086 108.738007
v -511.243591 105.782875 100.756218
v -539.198608 110.890724 99.336121
v -481.939331 107.431290 109.057632
v -412.317230 87.023232 103.341606
v -410.531708 77.641830 106.948555
v -425.046814 82.184746 114.890694
v -393.963745 40.545101 99.839813
v -406.803314 39.047272 111.397346
v -391.168610 62.689941 92.650856
v -391.660736 23.659321 109.784355
v -385.361969 78.613319 76.461250
v -384.528229 37.858513 93.334549
v -383.655792 17.293865 92.246910
v -384.395660 56.732815 85.740417
v -377.852203 41.548958 73.218407
v -380.706268 18.779144 76.208397
v -377.207947 36.072529 49.113827
v -382.334137 81.063042 50.632847
v -378.904663 48.560810 21.702793
v -379.423248 17.990866 41.846581
v -377.286255 21.517736 3.750954
v -376.566956 39.894711 -20.578171
v -373.014069 56.006779 -13.626904
v -381.312714 6.807866 -46.177132
v -379.766174 24.072824 -57.126968
v -376.216644 29.316660 -93.344322
v -389.116913 20.261147 -103.880119
v -391.566620 -8.269775 -107.017921
v -382.713104 10.664587 -94.915237
v -378.461243 29.288410 -36.635239
v -375.794281 13.407892 -11.555285
v -378.224243 19.276159 -31.665173
v -438.922302 -57.096512 -102.978157
v -381.529816 -28.513046 -83.853691
v -389.778198 -38.662830 -77.847023
v -401.234528 -79.490402 -65.968681
v -472.263916 -14.359686 -123.104706
v -469.679443 -25.748154 -117.674507
v -444.341553 -73.140457 -99.556328
v -440.703918 -81.877480 -93.996704
v -451.292847 -91.800423 -92.830048
v -445.372528 -101.363693 -82.609024
v -492.030823 -77.309296 -122.784912
v -484.640259 -101.382126 -92.216583
v -508.338562 -91.359932 -121.387543
v -581.454712 -98.708511 -117.018044
v -605.480042 -99.634064 -104.306969
v -582.010376 -110.434570 -107.193100
v -504.906525 -104.878250 -105.196693
v -530.402649 -111.844360 -97.930031
v -513.777100 -115.263977 -83.275108
v -554.209717 -112.557602 -97.741539
v -608.354492 -43.703308 -106.935692
v -592.358704 -29.436975 -115.438614
v -603.196106 -3.307252 -112.006340
v -608.427795 -84.566536 -107.419189
v -622.932129 -77.316010 -87.443398
v -612.227661 -71.166809 -104.213631
v -619.362000 -27.807724 -90.557358
v -607.116211 -31.963936 -107.540382
v -627.426514 -86.293365 -82.523941
v -612.540649 -93.517670 -90.825058
v -609.110352 -97.289864 -72.690102
v -614.674194 -75.972145 -8.115589
v -615.601807 -72.273811 8.591179
v -619.676208 -77.891228 -38.700512
v -617.075195 -44.553032 3.477278
v -616.069336 -25.930473 82.701042
v -618.497559 -43.517361 23.180143
v -618.401611 -26.423145 52.983631
v -602.845703 -76.993240 79.221848
v -607.082336 -67.882973 87.445442
v -604.961548 -26.026541 104.111862
v -601.914856 -51.683323 100.070488
v -614.151489 -6.526061 86.451401
v -611.005371 -67.910767 35.314339
v -603.086182 -83.410553 12.372805
v -601.977783 -73.484818 26.856312
v -610.428894 -67.347397 56.271774
v -598.809082 -78.696999 40.984589
v -596.326477 24.648214 102.551231
v -604.584473 52.654732 98.275894
v -552.479736 26.205391 126.146446
v -530.676392 -29.707865 113.101471
v -541.447327 8.386011 123.013626
v -569.482544 -11.964560 106.188202
v -489.369354 90.355370 108.715439
v -541.897034 64.435616 118.500481
v -532.970886 16.073994 128.414673
v -566.501343 59.423309 119.249580
v -459.167542 88.529793 113.993546
v -515.105225 78.006607 106.062363
v -462.710663 53.720837 113.001717
v -472.909546 38.235725 121.949089
v -497.070679 3.364290 128.668579
v -464.827484 -10.676293 124.220062
v -490.196472 -38.811501 126.942894
v -436.708344 43.600868 114.600624
v -406.131073 62.367966 112.021935
v -430.492676 56.603527 115.481102
v -433.496246 -3.829830 111.180115
v -427.621368 26.064964 111.616745
v -434.050140 -37.693233 121.711052
v -438.849457 -48.489155 119.468880
v -428.496460 -50.432224 118.451584
v -423.375549 -60.087723 115.025040
v -440.132324 -80.359650 109.090614
v -423.631378 -73.610329 106.735977
v -409.717957 -37.627567 110.037636
v -411.628571 -80.577621 102.923714
v -408.269318 -20.749662 117.215111
v -400.608215 -70.460709 87.369423
v -409.647461 -90.284576 84.104225
v -394.135620 -89.886406 59.377609
v -388.915527 -46.540890 66.744576
v -378.766052 -68.610779 40.169392
v -380.322205 -42.843037 31.972923
v -391.052490 -32.538193 55.375587
v -380.639893 -49.061951 48.445953
v -399.832611 -35.882835 89.507271
v -388.457977 -16.238308 82.374008
v -384.725037 -22.541733 50.896748
v -379.853577 -4.223602 65.872154
v -381.690704 -22.182903 30.874113
v -378.094849 -0.299580 31.584814
v -376.418488 -19.454834 6.775652
v -381.220520 -39.825420 -8.336017
v -380.560577 -30.790970 13.179080
v -378.171600 -15.645510 -23.982920
v -377.135956 -23.903473 -26.533764
v -374.141266 -63.361675 -16.650177
v -382.325623 -47.888298 -26.844782
v -378.292511 -77.446404 -33.329189
v -383.319183 -56.018650 -51.834667
v -376.069122 -88.073021 -10.699380
v -392.576569 -115.186600 -0.367799
v -375.279175 -100.012840 -7.602179
v -385.090027 -107.741081 -19.134464
v -409.154022 -102.961662 -58.973877
v -421.626617 -116.870811 -46.350441
v -444.480743 -110.878883 -68.249565
v -492.610931 -106.995102 -80.701622
v -561.144043 -115.548813 -90.683456
v -571.699280 -118.346237 -81.076385
v -575.512573 -119.117821 -28.969065
v -581.947449 -119.049347 -34.773014
v -567.926758 -120.905815 -49.554436
v -576.892700 -113.812721 -14.446240
v -602.562500 -102.877113 -45.046288
v -588.861206 -99.401283 10.237730
v -577.942139 -94.155502 34.091198
v -608.197998 -92.772507 -29.100805
v -601.852844 -83.401749 -9.455451
v -591.582092 -92.540100 -7.108695
v -617.739685 -88.725510 -45.345600
v -444.328796 -111.787666 -42.890587
v -499.095398 -117.570030 -33.428745
v -533.481262 -119.395897 -27.056841
v -538.486023 -121.253456 30.138021
v -561.907288 -110.887634 19.379242
v -544.999817 -123.499969 -47.613518
v -560.132996 -122.151421 -49.066177
v -557.266907 -128.259766 -25.512684
v -562.562866 -117.142822 -9.741388
v -573.145752 -105.148827 -0.084507
v -586.500061 -86.751465 68.712387
v -594.405151 -75.309593 105.118683
v -525.181152 -84.853752 101.172676
v -558.185913 -78.197426 108.252464
v -457.717407 -86.240013 108.640945
v -483.567963 -81.781563 105.350807
v -497.138824 -53.285431 114.954529
v -467.631104 -63.406193 116.415787
v -511.401215 -61.441940 105.021194
v -590.138184 -85.993530 90.125504
v -569.046997 -85.726128 93.087723
v -546.446289 -86.293961 93.031754
v -524.792236 -96.943665 90.820312
v -499.134674 -104.704872 93.713791
v -500.321625 -82.634705 101.366913
v -447.753235 -59.604008 123.390152
v -448.539246 -98.589066 103.502426
v -449.845032 -74.547729 116.915337
v -428.220520 -69.973602 113.987602
v -450.751984 -116.221252 89.542297
v -441.261017 -100.862267 94.731369
v -420.864716 -108.716164 70.743126
v -441.946655 -121.158043 81.589684
v -405.170837 -107.649742 57.993877
v -403.869141 -110.166847 44.949429
v -391.922607 -113.374245 15.502731
v -433.505310 -119.829559 55.937862
v -378.867279 -102.213081 11.707011
v -371.574158 -89.103249 3.687966
v -372.726654 -84.671715 22.568489
v -400.594147 -118.508934 -7.248189
v -411.853790 -119.122360 20.075041
v -418.548157 -114.209000 33.979351
v -464.821625 -115.778374 23.112520
v -553.177734 -110.348038 48.349987
v -561.906555 -99.607933 63.408913
v -553.741028 -106.384827 57.001804
v -573.738098 -93.083694 67.117264
v -486.466797 -124.184692 46.567795
v -504.059509 -122.715393 32.296936
v -541.627380 -124.433495 -10.942107
v -499.006073 -120.229553 66.143211
v -545.025757 -93.001129 82.806671
v -535.898743 -106.693146 72.011902
v -512.778564 -119.991943 71.001846
v -519.074524 -106.244896 80.084320
v -493.896210 -118.957748 82.152000
vn -0.2841 0.9559 -0.0743
vn -0.1189 0.9748 -0.1887
vn -0.0586 0.9644 -0.2580
vn 0.1633 0.9263 -0.3396
vn 0.2448 0.9679 -0.0567
vn 0.3464 0.9223 -0.1717
vn 0.0152 0.9094 -0.4157
vn 0.0743 0.9791 -0.1895
vn -0.3829 0.6573 -0.6491
vn 0.0160 0.7071 -0.7069
vn -0.5384 0.8029 -0.2559
vn -0.5684 0.8080 -0.1552
vn -0.3912 0.9170 -0.0781
vn -0.2051 0.9765 -0.0655
vn -0.2762 0.9581 -0.0752
vn -0.1050 0.9928 0.0584
vn -0.2097 0.9766 0.0473
vn -0.1391 0.9750 -0.1735
vn 0.0965 0.9952 0.0176
vn 0.1724 0.9838 0.0495
vn 0.2874 0.9577 0.0106
vn 0.3080 0.9507 0.0367
vn 0.4488 0.8634 0.2305
vn 0.3743 0.9129 0.1630
vn 0.3374 0.9395 0.0593
vn 0.1874 0.9821 -0.0200
vn 0.0399 0.9958 -0.0828
vn 0.2798 0.9559 0.0891
vn 0.2430 0.9221 0.3011
vn 0.4512 0.8923 -0.0147
vn 0.4248 0.8903 0.1640
vn 0.6116 0.7911 0.0010
vn 0.5432 0.8370 0.0666
vn 0.5842 0.8100 -0.0514
vn 0.0829 0.9916 -0.0996
vn 0.1559 0.6385 -0.7536
vn -0.1272 0.6565 -0.7435
vn -0.0719 0.5756 -0.8146
vn 0.4505 0.8766 -0.1692
vn 0.6721 0.6800 -0.2930
vn 0.3854 0.8704 -0.3065
vn 0.4601 0.4142 -0.7854
vn 0.7477 0.6600 -0.0724
vn 0.6031 0.7919 -0.0954
vn -0.2135 0.4534 -0.8653
vn -0.0313 0.2666 -0.9633
vn -0.0272 0.2415 -0.9700
vn 0.1272 0.0264 -0.9915
vn -0.2222 0.3602 -0.9060
vn -0.1568 0.1766 -0.9717
vn -0.0204 0.2335 -0.9722
vn -0.2149 0.1722 -0.9613
vn -0.5339 0.4889 -0.6898
vn -0.2385 0.2134 -0.9474
vn -0.5423 0.4051 -0.7361
vn -0.6977 0.6387 -0.3245
vn -0.6354 0.4032 -0.6586
vn -0.6581 0.5617 -0.5014
vn -0.5225 0.3837 -0.7614
vn -0.8001 0.3414 -0.4932
vn -0.9122 0.3393 -0.2297
vn -0.9260 0.1417 -0.3498
vn -0.7169 0.6776 -0.1643
vn -0.6593 0.7088 -0.2508
vn -0.6847 0.6983 -0.2085
vn -0.6823 0.6719 -0.2881
vn -0.6124 0.7729 -0.1662
vn -0.8919 0.3868 -0.2344
vn -0.8384 0.5316 -0.1204
vn -0.6897 0.6806 -0.2470
vn -0.8471 0.5302 -0.0359
vn -0.6454 0.7638 -0.0066
vn -0.4573 0.8791 -0.1346
vn -0.7156 0.6971 -0.0445
vn -0.8108 0.5793 -0.0838
vn -0.7614 0.6409 0.0981
vn -0.8146 0.5769 0.0611
vn -0.8545 0.5119 0.0883
vn -0.6164 0.3482 0.7063
vn -0.1485 0.9774 0.1504
vn -0.4098 0.9071 0.0964
vn -0.3338 0.7770 0.5337
vn -0.5352 0.4719 0.7006
vn -0.6223 0.6511 0.4346
vn -0.2422 0.9588 -0.1487
vn -0.2691 0.9600 0.0772
vn -0.1880 0.8360 0.5154
vn 0.0766 0.8884 0.4525
vn 0.3748 0.7682 0.5190
vn 0.2916 0.8790 0.3773
vn 0.1211 0.8293 0.5456
vn 0.3297 0.6788 0.6561
vn 0.5420 0.8311 0.1244
vn 0.5407 0.8359 -0.0945
vn 0.1012 0.9949 -0.0009
vn 0.4956 0.8583 0.1333
vn 0.4903 0.8589 0.1481
vn 0.7877 0.6150 0.0365
vn 0.9147 0.3758 0.1488
vn 0.6142 0.7830 0.0985
vn 0.8635 0.5002 0.0643
vn 0.8625 0.5045 0.0407
vn 0.8875 0.4607 -0.0004
vn 0.8314 0.2415 -0.5004
vn 0.9611 0.2194 -0.1675
vn 0.9293 0.3552 0.1012
vn 0.6299 -0.0021 -0.7767
vn 0.8591 -0.1585 -0.4867
vn 0.4657 -0.0425 -0.8839
vn 0.5039 -0.2239 -0.8342
vn 0.8284 -0.2337 -0.5090
vn 0.6516 -0.1930 -0.7336
vn 0.0184 0.0191 -0.9996
vn 0.4612 -0.5512 -0.6953
vn 0.3840 -0.4931 -0.7806
vn 0.3045 -0.1710 -0.9370
vn 0.0482 -0.1161 -0.9921
vn 0.1436 -0.1655 -0.9757
vn 0.5055 -0.4047 -0.7620
vn 0.1897 -0.0741 -0.9790
vn 0.0456 -0.1284 -0.9907
vn 0.6008 -0.6230 -0.5010
vn 0.1136 0.0346 -0.9929
vn 0.1601 -0.1203 -0.9797
vn -0.0389 -0.1122 -0.9929
vn 0.0041 -0.1633 -0.9866
vn 0.0041 -0.1279 -0.9918
vn 0.0485 -0.1433 -0.9885
vn 0.1102 -0.0664 -0.9917
vn -0.0544 0.3481 -0.9359
vn 0.0369 0.0412 -0.9985
vn -0.1643 0.2452 -0.9555
vn -0.0941 0.0161 -0.9954
vn -0.2353 0.0631 -0.9699
vn 0.0961 -0.2271 -0.9691
vn -0.1194 0.0434 -0.9919
vn 0.0037 -0.0974 -0.9952
vn 0.0637 -0.2125 -0.9751
vn 0.1427 -0.2683 -0.9527
vn 0.4826 -0.3448 -0.8051
vn -0.0389 0.0026 -0.9992
vn -0.2266 0.1188 -0.9667
vn 0.3034 -0.6181 -0.7252
vn -0.2105 0.1333 -0.9685
vn -0.3300 0.1410 -0.9334
vn 0.0010 0.0911 -0.9958
vn -0.1179 0.1360 -0.9837
vn 0.0047 -0.0907 -0.9959
vn -0.0459 -0.5169 -0.8548
vn 0.1789 -0.3944 -0.9013
vn 0.1134 -0.0676 -0.9912
vn -0.3199 0.1423 -0.9367
vn -0.5164 -0.0067 -0.8563
vn -0.3818 0.1091 -0.9178
vn -0.0797 -0.4256 -0.9014
vn -0.4624 0.2358 -0.8547
vn -0.2233 0.0826 -0.9712
vn -0.4376 0.1464 -0.8872
vn -0.2983 0.2393 -0.9240
vn -0.7790 0.2189 -0.5876
vn -0.4622 0.3518 -0.8140
vn -0.8462 -0.0717 -0.5280
vn -0.9453 -0.0186 -0.3256
vn -0.9439 0.0280 -0.3291
vn -0.8321 0.0361 -0.5535
vn -0.9926 -0.0197 -0.1201
vn -0.8134 -0.0608 -0.5785
vn -0.8254 -0.0510 -0.5622
vn -0.9730 0.0513 -0.2250
vn -0.9974 0.0231 -0.0686
vn -0.9068 0.3564 -0.2252
vn -0.9982 0.0593 0.0013
vn -0.9978 -0.0114 0.0654
vn -0.9673 -0.2271 0.1130
vn -0.9783 -0.1568 0.1352
vn -0.9962 -0.0185 0.0852
vn -0.9861 -0.1233 0.1118
vn -0.9770 0.1402 0.1609
vn -0.9871 -0.1328 0.0896
vn -0.9956 -0.0487 0.0796
vn -0.7674 -0.6363 0.0794
vn -0.8825 -0.3860 -0.2687
vn -0.9817 0.1823 0.0553
vn -0.8725 -0.0298 0.4876
vn -0.5975 0.7922 0.1244
vn -0.7698 0.1839 0.6112
vn -0.5532 0.8024 -0.2238
vn -0.8613 -0.1718 0.4783
vn -0.6429 -0.0400 0.7649
vn -0.5115 0.2096 0.8333
vn -0.5706 0.2365 0.7864
vn -0.1333 0.5194 0.8441
vn 0.0975 0.7712 0.6290
vn 0.0973 0.3171 0.9434
vn 0.2997 0.2841 0.9108
vn 0.0975 0.5405 0.8357
vn -0.1286 0.3430 0.9305
vn 0.0622 0.4295 0.9009
vn 0.0010 0.3128 0.9498
vn 0.2203 0.4685 0.8556
vn 0.4730 0.3955 0.7874
vn 0.5420 -0.0586 0.8383
vn 0.3664 0.8013 0.4729
vn 0.7586 0.1922 0.6226
vn 0.5149 0.0098 0.8572
vn 0.5918 0.3268 0.7369
vn 0.9469 -0.0645 0.3150
vn 0.6184 0.1654 0.7682
vn 0.4111 0.0535 0.9100
vn 0.8296 0.4789 0.2872
vn 0.9460 0.0855 0.3128
vn 0.8735 0.1712 0.4557
vn 0.8438 0.1593 0.5124
vn 0.7997 -0.3153 0.5110
vn 0.9155 -0.3509 0.1967
vn 0.9697 -0.1873 0.1565
vn 0.9913 -0.0692 0.1120
vn 0.9813 -0.0690 0.1796
vn 0.9812 0.1688 0.0931
vn 0.9996 0.0035 0.0281
vn 0.9972 0.0562 0.0491
vn 0.9683 0.2438 0.0539
vn 0.9941 0.0475 0.0980
vn 0.9988 0.0365 0.0318
vn 0.9825 -0.1800 0.0480
vn 0.9457 0.3250 0.0083
vn 0.9991 -0.0404 0.0158
vn 0.9627 -0.2700 -0.0178
vn 0.9707 -0.2389 -0.0246
vn 0.9114 -0.3691 -0.1817
vn 0.9945 -0.0855 0.0609
vn 0.9913 0.1209 -0.0519
vn 0.9975 -0.0277 0.0655
vn 0.9570 0.2891 0.0246
vn 0.9969 -0.0454 -0.0647
vn 0.9962 -0.0308 -0.0813
vn 0.9981 0.0235 -0.0564
vn 0.9374 0.1268 -0.3242
vn 0.9875 -0.1578 0.0013
vn 0.9685 -0.0358 -0.2463
vn 0.8758 -0.3909 -0.2829
vn 0.9508 -0.2751 -0.1426
vn 0.6442 -0.5972 -0.4778
vn 0.8054 -0.2502 -0.5374
vn 0.9784 0.1064 -0.1772
vn 0.9546 0.0498 -0.2936
vn 0.5649 -0.2567 -0.7842
vn 0.4864 -0.3943 -0.7797
vn 0.2551 -0.7186 -0.6469
vn 0.4585 -0.5265 -0.7160
vn 0.4131 -0.5320 -0.7391
vn 0.2638 -0.8351 -0.4827
vn 0.1128 -0.9230 -0.3680
vn 0.3179 -0.8012 -0.5070
vn 0.0673 -0.9232 -0.3784
vn 0.0315 -0.7803 -0.6246
vn -0.2143 -0.9445 -0.2490
vn -0.6708 -0.5946 -0.4433
vn -0.2282 -0.7796 -0.5832
vn -0.0413 -0.9734 -0.2254
vn 0.1962 -0.9600 -0.2000
vn 0.0699 -0.9168 -0.3931
vn 0.2485 -0.9459 -0.2087
vn 0.0078 -0.9498 -0.3129
vn -0.6674 0.0487 -0.7431
vn -0.4729 0.0065 -0.8811
vn -0.8573 -0.2153 -0.4676
vn -0.8880 -0.3678 0.2761
vn -0.8273 -0.5112 0.2328
vn -0.8891 -0.4564 0.0350
vn -0.8336 -0.5460 0.0839
vn -0.9904 -0.1321 0.0399
vn -0.8769 -0.4475 0.1757
vn -0.9637 -0.0641 0.2590
vn -0.8916 0.0524 0.4498
vn -0.8876 -0.3448 0.3053
vn -0.7128 -0.1316 0.6889
vn -0.6433 0.0086 0.7656
vn -0.3688 0.0935 0.9248
vn -0.7676 -0.6175 0.1719
vn -0.6681 -0.7433 0.0337
vn -0.5750 -0.7763 0.2585
vn -0.5940 -0.7857 0.1728
vn -0.7103 -0.6255 0.3229
vn -0.6941 -0.6917 0.1992
vn -0.5380 -0.8429 -0.0032
vn -0.4649 -0.0059 0.8854
vn -0.3410 -0.3062 0.8888
vn -0.2677 -0.0904 0.9592
vn -0.1164 -0.0376 0.9925
vn -0.2377 0.1732 0.9558
vn 0.0524 0.2666 0.9624
vn -0.3296 -0.3277 0.8854
vn -0.1422 -0.1200 0.9825
vn -0.0424 -0.0850 0.9955
vn -0.1549 -0.0247 0.9876
vn -0.1845 0.0754 0.9799
vn 0.0023 0.2296 0.9733
vn 0.1369 0.2301 0.9635
vn 0.0633 -0.0465 0.9969
vn 0.0954 -0.0189 0.9953
vn 0.2597 0.0505 0.9644
vn 0.0507 -0.5881 0.8072
vn 0.0821 -0.1080 0.9908
vn 0.1240 -0.0249 0.9920
vn -0.1462 -0.2968 0.9437
vn -0.1907 -0.3975 0.8976
vn 0.2006 0.1600 0.9665
vn -0.2801 -0.4635 0.8407
vn 0.0726 0.0548 0.9959
vn -0.3075 -0.3027 0.9021
vn -0.1857 -0.3081 0.9331
vn 0.0997 -0.0205 0.9948
vn 0.1022 0.1264 0.9867
vn 0.3090 -0.0968 0.9461
vn 0.3433 -0.1905 0.9197
vn 0.3340 0.1557 0.9296
vn 0.7024 -0.2546 0.6647
vn 0.3356 -0.1379 0.9318
vn 0.1129 -0.2604 0.9589
vn 0.4176 -0.1707 0.8924
vn 0.2348 -0.0030 0.9720
vn 0.2028 -0.5345 0.8205
vn 0.4004 -0.4583 0.7935
vn 0.3336 -0.5184 0.7874
vn 0.2622 -0.5309 0.8059
vn 0.3118 -0.4841 0.8176
vn 0.2962 -0.5768 0.7613
vn 0.7560 -0.1171 0.6440
vn 0.5416 -0.4827 0.6882
vn 0.6536 -0.5976 0.4645
vn 0.3621 -0.5412 0.7589
vn 0.8555 -0.2127 0.4722
vn 0.8973 -0.2402 0.3704
vn 0.9118 0.1593 0.3784
vn 0.6000 -0.7023 0.3831
vn 0.6757 -0.5219 0.5207
vn 0.5497 -0.7434 0.3810
vn 0.3548 -0.8794 0.3175
vn 0.7934 -0.5544 0.2513
vn 0.9440 -0.0559 0.3251
vn 0.9926 -0.0100 0.1211
vn 0.8701 -0.1836 0.4573
vn 0.9731 0.0685 0.2198
vn 0.9466 0.1773 0.2692
vn 0.9836 0.1011 0.1496
vn 0.9854 0.1601 0.0574
vn 0.9174 -0.3203 0.2360
vn 0.9912 -0.0654 0.1154
vn 0.9970 -0.0540 0.0555
vn 0.9952 0.0982 0.0026
vn 0.9993 -0.0292 0.0212
vn 0.9960 -0.0763 -0.0458
vn 0.9995 0.0145 -0.0283
vn 0.9763 0.1549 -0.1509
vn 0.9846 0.1128 -0.1334
vn 0.9794 -0.1787 -0.0943
vn 0.9919 0.0384 -0.1213
vn 0.9331 -0.3185 -0.1673
vn 0.7856 -0.3203 -0.5293
vn 0.6881 -0.7181 -0.1041
vn 0.4585 -0.8814 0.1139
vn 0.8033 -0.5953 0.0187
vn 0.4974 -0.8674 0.0137
vn 0.8908 -0.4455 -0.0898
vn 0.4441 -0.8531 -0.2739
vn 0.3735 -0.6852 -0.6253
vn 0.0449 -0.9586 -0.2812
vn -0.0908 -0.9951 -0.0394
vn -0.1525 -0.9817 -0.1138
vn -0.0722 -0.9166 -0.3932
vn -0.0250 -0.9474 -0.3191
vn -0.4558 -0.8900 -0.0139
vn -0.0416 -0.9886 -0.1447
vn -0.3336 -0.9408 -0.0604
vn -0.4674 -0.8813 0.0691
vn -0.4719 -0.8794 -0.0632
vn -0.6294 -0.7414 0.2330
vn -0.6115 -0.7438 0.2698
vn -0.4375 -0.8174 0.3747
vn -0.3939 -0.8504 0.3488
vn -0.5825 -0.8076 0.0919
vn -0.5095 -0.7766 0.3704
vn -0.6718 -0.7126 0.2023
vn -0.5167 -0.8247 0.2300
vn -0.6106 -0.7886 0.0727
vn -0.6943 -0.6737 0.2532
vn -0.7419 -0.6078 -0.2830
vn -0.5707 -0.8201 -0.0414
vn 0.1698 -0.9784 -0.1183
vn 0.1771 -0.9820 -0.0655
vn -0.0741 -0.9971 -0.0146
vn -0.3468 -0.9064 0.2412
vn 0.0254 -0.9993 0.0290
vn -0.2843 -0.9416 0.1807
vn -0.0782 -0.9966 -0.0249
vn 0.0619 -0.9977 -0.0286
vn -0.2439 -0.9677 0.0638
vn -0.4454 -0.8838 0.1435
vn -0.3513 -0.9102 0.2195
vn -0.2229 -0.9523 0.2085
vn -0.3886 -0.9178 0.0814
vn -0.2006 -0.9587 0.2019
vn -0.3545 -0.9167 0.1844
vn -0.3622 -0.8901 0.2767
vn -0.7441 -0.6617 0.0921
vn -0.5165 -0.4792 0.7097
vn -0.0137 -0.4819 0.8761
vn -0.1123 -0.4628 0.8793
vn -0.0437 -0.3924 0.9187
vn -0.1913 -0.2982 0.9351
vn -0.1794 -0.3342 0.9253
vn -0.3111 -0.7684 0.5593
vn 0.0381 -0.6669 0.7442
vn -0.2227 -0.8531 0.4718
vn -0.0182 -0.9506 0.3097
vn -0.2360 -0.6930 0.6812
vn -0.3550 -0.7522 0.5551
vn -0.2868 -0.5479 0.7858
vn -0.1266 -0.8509 0.5098
vn -0.2789 -0.8169 0.5049
vn 0.2073 -0.7059 0.6773
vn 0.0683 -0.4802 0.8745
vn 0.3154 -0.8791 0.3574
vn 0.0169 -0.9870 0.1601
vn 0.0501 -0.9933 0.1046
vn 0.2114 -0.9774 0.0060
vn 0.2417 -0.9701 -0.0206
vn 0.9773 -0.0506 -0.2058
vn 0.9906 -0.1366 -0.0080
vn -0.2179 -0.9725 0.0820
vn 0.1496 -0.9789 -0.1391
vn 0.3412 -0.9152 -0.2144
vn -0.2544 -0.8785 0.4044
vn -0.2957 -0.9244 0.2410
vn 0.0198 -0.9996 -0.0200
vn -0.0557 -0.9981 0.0266
vn -0.1077 -0.9890 0.1016
vn -0.2726 -0.8920 0.3607
vn 0.0935 0.9333 0.3467
vn -0.1628 0.1680 -0.9723
vn 0.9982 -0.0412 0.0447
vn -0.9641 -0.2189 0.1501
vn 0.0082 -0.9902 0.1394
vt 0.636180 0.832798
vt 0.621622 0.828027
vt 0.635558 0.804556
vt 0.583114 0.792846
vt 0.577238 0.812983
vt 0.565569 0.799531
vt 0.605653 0.796717
vt 0.597433 0.811853
vt 0.646167 0.793013
vt 0.628932 0.789751
vt 0.644939 0.810631
vt 0.646419 0.861501
vt 0.633484 0.861035
vt 0.626476 0.865134
vt 0.634290 0.882152
vt 0.615589 0.908498
vt 0.630717 0.903901
vt 0.613407 0.829221
vt 0.613333 0.872133
vt 0.601232 0.849861
vt 0.600708 0.905112
vt 0.592530 0.887798
vt 0.580191 0.934878
vt 0.572135 0.858535
vt 0.566416 0.820603
vt 0.587731 0.818413
vt 0.547920 0.865515
vt 0.579767 0.894266
vt 0.560631 0.931278
vt 0.546915 0.812502
vt 0.554426 0.843723
vt 0.537357 0.808344
vt 0.536643 0.822684
vt 0.529197 0.829291
vt 0.537528 0.864562
vt 0.573889 0.766756
vt 0.588393 0.772255
vt 0.608187 0.782220
vt 0.543480 0.795357
vt 0.533148 0.775786
vt 0.557040 0.780695
vt 0.546035 0.762420
vt 0.528613 0.785268
vt 0.534678 0.797348
vt 0.682361 0.510404
vt 0.672319 0.514573
vt 0.669444 0.501237
vt 0.671021 0.541301
vt 0.680321 0.546740
vt 0.666649 0.561080
vt 0.681475 0.531827
vt 0.661354 0.517157
vt 0.639526 0.487412
vt 0.668885 0.486899
vt 0.679246 0.472401
vt 0.642163 0.466944
vt 0.656388 0.460354
vt 0.654345 0.472420
vt 0.324430 0.790597
vt 0.309960 0.796455
vt 0.322566 0.772980
vt 0.320460 0.840528
vt 0.310281 0.823715
vt 0.325991 0.823532
vt 0.312785 0.849953
vt 0.292396 0.852306
vt 0.309806 0.866251
vt 0.289825 0.816788
vt 0.259440 0.789622
vt 0.275506 0.776222
vt 0.268268 0.829063
vt 0.242722 0.826694
vt 0.260197 0.847361
vt 0.238204 0.839164
vt 0.252502 0.812274
vt 0.273654 0.807279
vt 0.319231 0.745893
vt 0.209469 0.820346
vt 0.247524 0.757718
vt 0.219508 0.763702
vt 0.210764 0.784073
vt 0.229022 0.808424
vt 0.183865 0.813087
vt 0.204467 0.806226
vt 0.179807 0.801542
vt 0.157117 0.809082
vt 0.636388 0.923074
vt 0.645889 0.922019
vt 0.639685 0.956261
vt 0.161187 0.798895
vt 0.168863 0.821339
vt 0.203098 0.826689
vt 0.638884 0.906274
vt 0.648244 0.889803
vt 0.612300 0.942515
vt 0.596519 0.938343
vt 0.565979 0.947238
vt 0.535703 0.927821
vt 0.540599 0.945732
vt 0.524784 0.938607
vt 0.528812 0.877405
vt 0.526823 0.842747
vt 0.543662 0.894850
vt 0.536181 0.906262
vt 0.522294 0.915262
vt 0.517897 0.867218
vt 0.518994 0.846588
vt 0.517025 0.888298
vt 0.507067 0.893470
vt 0.522223 0.807533
vt 0.517763 0.830716
vt 0.669371 0.616475
vt 0.676841 0.618626
vt 0.661644 0.625340
vt 0.683884 0.601735
vt 0.507261 0.842644
vt 0.656481 0.602310
vt 0.643462 0.597413
vt 0.639740 0.582191
vt 0.651197 0.587645
vt 0.622643 0.581049
vt 0.625666 0.594096
vt 0.603943 0.591594
vt 0.624922 0.558499
vt 0.586384 0.585472
vt 0.580312 0.565770
vt 0.604090 0.568167
vt 0.609839 0.548472
vt 0.575316 0.542882
vt 0.560748 0.562180
vt 0.570041 0.538436
vt 0.591182 0.549930
vt 0.572004 0.569123
vt 0.637696 0.564019
vt 0.674604 0.573528
vt 0.650334 0.545181
vt 0.584261 0.532450
vt 0.592991 0.529255
vt 0.601451 0.525644
vt 0.612170 0.529353
vt 0.643837 0.531788
vt 0.621747 0.541253
vt 0.659835 0.538058
vt 0.645685 0.503478
vt 0.618714 0.500562
vt 0.624674 0.478323
vt 0.596874 0.507152
vt 0.584707 0.467946
vt 0.567441 0.495654
vt 0.585170 0.511176
vt 0.545308 0.520791
vt 0.547735 0.559771
vt 0.570173 0.510270
vt 0.608584 0.469404
vt 0.536357 0.542392
vt 0.599723 0.446346
vt 0.620849 0.451542
vt 0.551324 0.479890
vt 0.548372 0.489972
vt 0.534397 0.470208
vt 0.523225 0.484299
vt 0.534724 0.510314
vt 0.553993 0.462721
vt 0.562837 0.449013
vt 0.536609 0.444852
vt 0.548915 0.446725
vt 0.521428 0.460211
vt 0.568622 0.442905
vt 0.585037 0.444896
vt 0.586294 0.431908
vt 0.604100 0.439148
vt 0.614262 0.439190
vt 0.641804 0.452193
vt 0.324986 0.861853
vt 0.327052 0.842130
vt 0.324741 0.878029
vt 0.316273 0.882522
vt 0.551797 0.414959
vt 0.545837 0.423744
vt 0.540743 0.401449
vt 0.535352 0.431396
vt 0.527095 0.417586
vt 0.306245 0.880734
vt 0.274642 0.892870
vt 0.274576 0.851534
vt 0.246374 0.852543
vt 0.248118 0.881198
vt 0.281001 0.918105
vt 0.259588 0.898797
vt 0.303456 0.909445
vt 0.203999 0.855311
vt 0.218467 0.887060
vt 0.188349 0.849356
vt 0.201404 0.896706
vt 0.223242 0.856531
vt 0.299563 0.941565
vt 0.317529 0.932568
vt 0.215376 0.842655
vt 0.180274 0.855608
vt 0.188672 0.833474
vt 0.178426 0.841314
vt 0.218582 0.837971
vt 0.179222 0.870991
vt 0.173632 0.857135
vt 0.171563 0.836316
vt 0.155131 0.819207
vt 0.155457 0.793658
vt 0.832802 0.247330
vt 0.834053 0.235003
vt 0.855423 0.269484
vt 0.857823 0.256247
vt 0.849976 0.230251
vt 0.582479 0.950739
vt 0.606028 0.953423
vt 0.543205 0.954444
vt 0.558992 0.956261
vt 0.531774 0.951094
vt 0.846602 0.351895
vt 0.844866 0.338757
vt 0.858309 0.353953
vt 0.835458 0.359832
vt 0.856147 0.371885
vt 0.867361 0.355000
vt 0.873706 0.369281
vt 0.889660 0.383102
vt 0.888073 0.368159
vt 0.903984 0.364993
vt 0.632948 0.752143
vt 0.617944 0.762420
vt 0.619541 0.749038
vt 0.614724 0.754124
vt 0.598790 0.756058
vt 0.583641 0.750844
vt 0.557198 0.757978
vt 0.559957 0.737331
vt 0.573136 0.726679
vt 0.588112 0.738983
vt 0.595061 0.742721
vt 0.605472 0.741231
vt 0.606734 0.722508
vt 0.622124 0.704428
vt 0.639831 0.705090
vt 0.640376 0.733335
vt 0.635665 0.679192
vt 0.649714 0.683016
vt 0.605500 0.684993
vt 0.624629 0.670512
vt 0.654611 0.666785
vt 0.639747 0.649581
vt 0.666749 0.649892
vt 0.631065 0.632925
vt 0.645478 0.607677
vt 0.620712 0.638985
vt 0.634210 0.614637
vt 0.573318 0.678415
vt 0.582793 0.655804
vt 0.579504 0.685117
vt 0.591019 0.634557
vt 0.604957 0.643712
vt 0.611326 0.657605
vt 0.602469 0.671645
vt 0.617324 0.607880
vt 0.626917 0.602119
vt 0.619959 0.655968
vt 0.602631 0.609199
vt 0.587166 0.606999
vt 0.606602 0.592761
vt 0.579674 0.616950
vt 0.576051 0.606116
vt 0.561547 0.614064
vt 0.556447 0.624854
vt 0.541372 0.626024
vt 0.588964 0.584231
vt 0.573835 0.568447
vt 0.561518 0.562603
vt 0.539832 0.601977
vt 0.548625 0.559743
vt 0.541294 0.563930
vt 0.537021 0.541826
vt 0.523839 0.564281
vt 0.526258 0.581174
vt 0.532687 0.556945
vt 0.519452 0.533514
vt 0.511565 0.569384
vt 0.520965 0.515834
vt 0.510037 0.500063
vt 0.511914 0.470907
vt 0.722696 0.166042
vt 0.716225 0.188498
vt 0.713346 0.168132
vt 0.515011 0.440685
vt 0.505242 0.550347
vt 0.508119 0.531268
vt 0.505753 0.483099
vt 0.502248 0.514692
vt 0.725057 0.150054
vt 0.711219 0.157601
vt 0.718468 0.145020
vt 0.556178 0.430809
vt 0.565194 0.430748
vt 0.569523 0.421165
vt 0.526485 0.437590
vt 0.565141 0.413727
vt 0.583397 0.424332
vt 0.279079 0.931520
vt 0.285699 0.939966
vt 0.198714 0.930213
vt 0.216183 0.930585
vt 0.225647 0.909466
vt 0.239238 0.932193
vt 0.178523 0.895745
vt 0.175815 0.880244
vt 0.172762 0.930053
vt 0.161220 0.916991
vt 0.159241 0.895618
vt 0.155359 0.874371
vt 0.831369 0.199211
vt 0.823927 0.191991
vt 0.833721 0.185205
vt 0.794041 0.189589
vt 0.795914 0.201355
vt 0.776330 0.190675
vt 0.811203 0.188242
vt 0.771341 0.206667
vt 0.809875 0.202091
vt 0.856169 0.176908
vt 0.848084 0.196309
vt 0.158626 0.853172
vt 0.909112 0.210345
vt 0.914477 0.256178
vt 0.901545 0.246976
vt 0.907121 0.262445
vt 0.878221 0.232940
vt 0.871465 0.250585
vt 0.938165 0.282813
vt 0.930135 0.285872
vt 0.969147 0.237960
vt 0.948896 0.208677
vt 0.968882 0.212053
vt 0.934293 0.234916
vt 0.928805 0.213691
vt 0.843848 0.288144
vt 0.869945 0.311810
vt 0.842794 0.311832
vt 0.884183 0.305241
vt 0.865250 0.336579
vt 0.833581 0.269209
vt 0.875811 0.332885
vt 0.903117 0.319302
vt 0.983716 0.249716
vt 0.962467 0.261140
vt 0.938540 0.324137
vt 0.943130 0.299756
vt 0.961382 0.318157
vt 0.920115 0.315928
vt 0.957247 0.295049
vt 0.912840 0.290391
vt 0.943606 0.266883
vt 0.966959 0.284186
vt 0.844964 0.327086
vt 0.888588 0.341498
vt 0.911196 0.339677
vt 0.937430 0.341352
vt 0.922265 0.359930
vt 0.914429 0.373596
vt 0.877254 0.356514
vt 0.936481 0.362227
vt 0.946213 0.339288
vt 0.954837 0.332598
vt 0.954486 0.351405
vt 0.947381 0.347121
vt 0.965707 0.353555
vt 0.961698 0.348220
vt 0.866697 0.055138
vt 0.885230 0.051592
vt 0.872570 0.061050
vt 0.873600 0.045559
vt 0.950020 0.364515
vt 0.972156 0.341766
vt 0.980020 0.352077
vt 0.968977 0.362733
vt 0.981086 0.371988
vt 0.860396 0.053630
vt 0.861879 0.028834
vt 0.964840 0.377674
vt 0.937823 0.380299
vt 0.541610 0.739634
vt 0.516124 0.731570
vt 0.538578 0.718775
vt 0.837262 0.029115
vt 0.843903 0.014687
vt 0.846658 0.040842
vt 0.827374 0.027309
vt 0.817869 0.004239
vt 0.551758 0.714541
vt 0.504873 0.679567
vt 0.519902 0.676483
vt 0.518201 0.703999
vt 0.528115 0.693390
vt 0.540747 0.703639
vt 0.549442 0.693098
vt 0.538378 0.672714
vt 0.561216 0.712151
vt 0.565678 0.696684
vt 0.582785 0.701605
vt 0.553383 0.680470
vt 0.562765 0.681050
vt 0.576896 0.652018
vt 0.560415 0.662523
vt 0.543200 0.651877
vt 0.558066 0.646405
vt 0.571263 0.627889
vt 0.536212 0.636172
vt 0.521075 0.637929
vt 0.527398 0.620871
vt 0.771220 0.000000
vt 0.778312 0.010182
vt 0.752406 0.001825
vt 0.804530 0.017556
vt 0.802488 0.003997
vt 0.792528 0.018059
vt 0.787022 0.000213
vt 0.766855 0.020381
vt 0.745256 0.026646
vt 0.519356 0.597568
vt 0.758197 0.038982
vt 0.740066 0.056108
vt 0.759828 0.056750
vt 0.733677 0.157750
vt 0.735831 0.148398
vt 0.733112 0.142111
vt 0.732276 0.172026
vt 0.743936 0.143437
vt 0.758155 0.153519
vt 0.769160 0.163284
vt 0.757042 0.166814
vt 0.773773 0.175108
vt 0.825986 0.165662
vt 0.840276 0.141837
vt 0.846860 0.149115
vt 0.762690 0.183347
vt 0.784664 0.160738
vt 0.794403 0.178872
vt 0.818778 0.154925
vt 0.807050 0.172363
vt 0.797585 0.161451
vt 0.727079 0.195832
vt 0.741361 0.191355
vt 0.763935 0.199657
vt 0.750723 0.198925
vt 0.751945 0.093844
vt 0.752404 0.124173
vt 0.728655 0.112224
vt 0.729962 0.093983
vt 0.761504 0.070621
vt 0.787778 0.149765
vt 0.785658 0.132619
vt 0.816881 0.128520
vt 0.758037 0.147222
vt 0.773055 0.126235
vt 0.775121 0.143377
vt 0.810721 0.149415
vt 0.825125 0.138242
vt 0.773528 0.158955
vt 0.854076 0.170424
vt 0.863595 0.163662
vt 0.851433 0.159355
vt 0.870353 0.171479
vt 0.864126 0.184026
vt 0.883813 0.176760
vt 0.986323 0.276091
vt 0.871034 0.078545
vt 0.883608 0.066516
vt 0.886592 0.087507
vt 0.884267 0.100986
vt 0.979020 0.307899
vt 0.982104 0.294931
vt 0.985579 0.222185
vt 0.872835 0.155517
vt 0.886592 0.147894
vt 0.863643 0.072069
vt 0.852853 0.093744
vt 0.850492 0.076081
vt 0.867975 0.119207
vt 0.857014 0.114404
vt 0.866065 0.098245
vt 0.873342 0.137793
vt 0.863647 0.136284
vt 0.880626 0.120962
vt 0.857125 0.064098
vt 0.966753 0.332793
vt 0.978426 0.328562
vt 0.850385 0.058885
vt 0.806995 0.033141
vt 0.817778 0.038520
vt 0.833833 0.051447
vt 0.787222 0.024377
vt 0.514629 0.651420
vt 0.523991 0.651140
vt 0.520671 0.661952
vt 0.508201 0.665062
vt 0.795457 0.049311
vt 0.808877 0.073035
vt 0.767563 0.099975
vt 0.851162 0.127315
vt 0.832901 0.140981
vt 0.826908 0.089398
vt 0.816900 0.102736
vt 0.841528 0.098050
vt 0.845737 0.107722
vt 0.683884 0.488944
vt 0.301064 0.745034
vt 0.187336 0.772064
vt 0.156431 0.778990
vt 0.628241 0.951258
vt 0.549405 0.927561
vt 0.518728 0.931930
vt 0.504763 0.913367
vt 0.673154 0.628252
vt 0.510532 0.825542
vt 0.502248 0.866061
vt 0.652332 0.523844
vt 0.598544 0.432345
vt 0.318065 0.897151
vt 0.519180 0.413920
vt 0.875196 0.220071
vt 0.864458 0.222985
vt 0.838750 0.351395
vt 0.874599 0.378204
vt 0.841135 0.382477
vt 0.594524 0.713217
vt 0.510151 0.460660
vt 0.515676 0.427761
vt 0.734390 0.208677
vt 0.241427 0.909338
vt 0.871909 0.190301
vt 0.155131 0.936904
vt 0.830140 0.292463
vt 0.505857 0.706972
vt 0.986323 0.394186
vt 0.738973 0.076640
vt 0.758191 0.135631
s 1
usemtl stones
f 245/202/148 149/203/149 244/204/150
f 154/205/151 150/206/152 267/207/153
f 242/208/154 241/209/155 154/205/151
f 243/210/156 244/204/150 263/211/157
f 244/204/150 159/212/158 245/202/148
f 246/213/159 151/214/160 245/202/148
f 247/215/161 161/216/162 162/217/163
f 162/217/163 161/216/162 293/218/164
f 247/215/161 149/203/149 151/214/160
f 247/215/161 249/219/165 149/203/149
f 248/220/166 251/221/167 249/219/165
f 162/217/163 298/222/168 248/220/166
f 250/223/169 298/222/168 163/224/170
f 248/220/166 298/222/168 250/223/169
f 248/220/166 250/223/169 251/221/167
f 256/225/171 251/221/167 250/223/169
f 256/225/171 252/226/172 240/227/173
f 240/227/173 252/226/172 150/206/152
f 253/228/174 255/229/175 153/230/176
f 153/230/176 255/229/175 163/224/170
f 252/226/172 256/225/171 261/231/177
f 256/225/171 254/232/178 261/231/177
f 251/221/167 240/227/173 249/219/165
f 260/233/179 257/234/180 258/235/181
f 252/226/172 261/231/177 267/207/153
f 253/228/174 258/235/181 254/232/178
f 254/232/178 257/234/180 261/231/177
f 258/235/181 253/228/174 300/236/182
f 265/237/183 268/238/184 154/205/151
f 242/208/154 264/239/185 263/211/157
f 155/240/186 310/241/187 266/242/188
f 311/243/189 265/237/183 266/242/188
f 309/244/190 155/240/186 259/245/191
f 264/246/185 271/247/192 272/248/193
f 270/249/194 265/250/183 269/251/195
f 270/249/194 268/252/184 265/250/183
f 272/248/193 271/247/192 331/253/196
f 335/254/197 156/255/198 272/248/193
f 243/256/156 274/257/199 278/258/200
f 243/256/156 273/259/201 274/257/199
f 274/257/199 273/259/201 335/254/197
f 275/260/202 279/261/203 278/262/200
f 354/263/204 277/264/205 276/265/206
f 276/265/206 277/264/205 279/261/203
f 277/264/205 354/263/204 356/266/207
f 171/267/208 356/266/207 359/268/209
f 281/269/210 157/270/211 158/271/212
f 356/266/207 171/267/208 277/264/205
f 171/267/208 285/272/213 281/269/210
f 283/273/214 373/274/215 372/275/216
f 282/276/217 284/277/218 285/272/213
f 282/276/217 285/272/213 283/273/214
f 279/261/203 158/271/212 278/262/200
f 278/262/200 158/271/212 243/278/156
f 297/279/219 282/276/217 283/273/214
f 282/276/217 157/270/211 284/277/218
f 246/280/159 158/271/212 286/281/220
f 286/281/220 158/271/212 157/270/211
f 287/282/221 157/270/211 294/283/222
f 297/279/219 294/283/222 282/276/217
f 291/284/223 295/285/224 297/279/219
f 289/286/225 291/284/223 290/287/226
f 160/288/227 288/289/228 378/290/229
f 377/291/230 289/286/225 290/287/226
f 376/292/231 291/284/223 296/293/232
f 288/289/228 160/288/227 292/294/233
f 161/216/162 292/294/233 293/218/164
f 293/218/164 292/294/233 160/288/227
f 288/289/228 292/294/233 286/295/220
f 286/295/220 292/294/233 161/216/162
f 294/283/222 297/279/219 295/285/224
f 372/275/216 297/279/219 283/273/214
f 372/275/216 296/293/232 297/279/219
f 177/296/234 293/218/164 160/288/227
f 162/217/163 293/218/164 177/296/234
f 298/222/168 164/297/235 163/224/170
f 298/222/168 162/217/163 164/297/235
f 163/224/170 178/298/236 153/230/176
f 302/299/237 179/300/238 383/301/239
f 300/236/182 303/302/240 152/303/241
f 262/304/242 301/305/243 300/236/182
f 302/299/237 304/306/244 301/305/243
f 301/305/243 304/306/244 303/302/240
f 303/302/240 308/307/245 307/308/246
f 306/309/247 308/307/245 303/302/240
f 397/310/248 306/309/247 304/306/244
f 308/307/245 306/309/247 397/310/248
f 260/233/179 315/311/249 259/245/191
f 260/233/179 165/312/250 315/311/249
f 258/235/181 165/312/250 260/233/179
f 309/244/190 310/241/187 155/240/186
f 317/313/251 310/314/187 166/315/252
f 310/314/187 317/313/251 311/316/189
f 307/308/246 314/317/253 165/312/250
f 314/317/253 307/308/246 308/307/245
f 317/313/251 316/318/254 311/316/189
f 185/319/255 318/320/256 316/321/254
f 321/322/257 406/323/258 407/324/259
f 321/322/257 185/319/255 406/323/258
f 321/322/257 324/325/260 318/320/256
f 319/326/261 322/327/262 320/328/263
f 320/328/263 326/329/264 321/322/257
f 325/330/265 412/331/266 168/332/267
f 320/328/263 322/327/262 167/333/268
f 322/327/262 187/334/269 412/331/266
f 321/322/257 326/329/264 324/325/260
f 316/321/254 323/335/270 311/336/189
f 323/335/270 269/251/195 311/336/189
f 323/335/270 328/337/271 269/251/195
f 417/338/272 167/333/268 325/330/265
f 416/339/273 326/329/264 417/338/272
f 337/340/274 326/329/264 416/339/273
f 337/340/274 338/341/275 326/329/264
f 338/341/275 324/325/260 326/329/264
f 330/342/276 328/337/271 338/341/275
f 328/337/271 323/335/270 327/343/277
f 328/337/271 332/344/278 269/251/195
f 330/342/276 332/344/278 328/337/271
f 332/344/278 331/253/196 270/249/194
f 272/248/193 333/345/279 335/254/197
f 336/346/280 335/254/197 333/345/279
f 335/254/197 334/347/281 274/257/199
f 335/254/197 336/346/280 334/347/281
f 336/346/280 341/348/282 346/349/283
f 346/349/283 341/348/282 342/350/284
f 337/340/274 341/348/282 338/341/275
f 337/340/274 340/351/285 341/348/282
f 422/352/286 168/332/267 418/353/287
f 339/354/288 342/350/284 340/351/285
f 416/339/273 417/338/272 339/354/288
f 340/351/285 337/340/274 416/339/273
f 342/350/284 341/348/282 340/351/285
f 170/355/289 336/346/280 346/349/283
f 422/352/286 418/353/287 188/356/290
f 339/354/288 417/338/272 168/332/267
f 170/355/289 351/357/291 169/358/292
f 342/350/284 343/359/293 346/349/283
f 344/360/294 342/350/284 339/354/288
f 343/359/293 344/360/294 345/361/295
f 148/362/296 344/360/294 424/363/297
f 347/364/298 349/365/299 346/349/283
f 345/361/295 344/360/294 148/362/296
f 191/366/300 348/367/301 347/364/298
f 348/367/301 349/365/299 347/364/298
f 191/366/300 347/364/298 425/368/302
f 346/349/283 433/369/303 350/370/304
f 350/370/304 434/371/305 351/357/291
f 353/372/306 351/357/291 434/371/305
f 169/358/292 276/373/206 275/374/202
f 356/266/207 355/375/307 359/268/209
f 355/375/307 354/263/204 352/376/308
f 192/377/309 438/378/310 359/268/209
f 357/379/311 358/380/312 364/381/313
f 437/382/314 436/383/315 358/380/312
f 359/268/209 360/384/316 171/267/208
f 361/385/317 373/274/215 280/386/318
f 370/387/319 361/385/317 366/388/320
f 363/389/321 362/390/322 361/385/317
f 364/391/313 361/385/317 360/384/316
f 369/392/323 365/393/324 368/394/325
f 368/394/325 365/393/324 449/395/326
f 367/396/327 365/393/324 369/392/323
f 366/388/320 362/390/322 365/393/324
f 370/387/319 366/388/320 367/396/327
f 223/397/328 364/391/313 440/398/329
f 367/396/327 172/399/330 370/387/319
f 175/400/331 368/394/325 449/395/326
f 172/399/330 369/392/323 173/401/332
f 173/401/332 369/392/323 368/394/325
f 368/394/325 175/400/331 174/402/333
f 368/394/325 174/402/333 173/401/332
f 371/403/334 172/399/330 173/401/332
f 371/403/334 370/387/319 172/399/330
f 372/275/216 370/387/319 371/403/334
f 175/400/331 374/404/335 375/405/336
f 461/406/337 173/401/332 174/402/333
f 376/292/231 173/401/332 461/406/337
f 376/292/231 176/407/338 290/287/226
f 377/291/230 290/287/226 379/408/339
f 381/409/340 378/410/229 471/411/341
f 194/412/342 378/410/229 379/413/339
f 382/414/343 164/297/235 380/415/344
f 380/415/344 164/297/235 177/296/234
f 195/416/345 178/298/236 470/417/346
f 470/417/346 178/298/236 382/414/343
f 179/300/238 385/418/347 383/301/239
f 384/419/348 385/420/347 478/421/349
f 478/421/349 305/422/350 384/419/348
f 388/423/351 202/424/352 386/425/353
f 392/426/354 389/427/355 203/428/356
f 390/429/357 388/430/351 180/431/358
f 393/432/359 388/430/351 391/433/360
f 392/434/354 181/435/361 500/436/362
f 502/437/363 395/438/364 392/434/354
f 392/434/354 395/438/364 182/439/365
f 394/440/366 396/441/367 393/432/359
f 398/442/368 313/443/369 397/444/248
f 313/443/369 402/445/370 314/446/253
f 400/447/371 401/448/372 398/442/368
f 401/448/372 402/445/370 398/442/368
f 312/449/373 186/450/374 315/451/249
f 396/441/367 398/442/368 180/431/358
f 183/452/375 185/453/255 166/315/252
f 183/452/375 404/454/376 405/455/377
f 505/456/378 508/457/379 207/458/380
f 209/459/381 403/460/382 508/457/379
f 403/460/382 411/461/383 410/462/384
f 403/460/382 404/454/376 411/461/383
f 408/463/385 406/464/258 404/454/376
f 186/450/374 183/452/375 166/315/252
f 186/450/374 409/465/386 183/452/375
f 410/462/384 411/461/383 400/447/371
f 400/447/371 411/461/383 409/465/386
f 404/454/376 409/465/386 411/461/383
f 187/334/269 322/327/262 319/326/261
f 184/466/387 413/467/388 407/468/259
f 210/469/389 414/470/390 413/467/388
f 212/471/391 513/472/392 213/473/393
f 407/468/259 413/467/388 319/474/261
f 414/470/390 187/475/269 319/474/261
f 187/475/269 212/471/391 412/476/266
f 412/476/266 212/471/391 415/477/394
f 418/478/287 419/479/395 188/480/290
f 421/481/396 419/479/395 217/482/397
f 419/479/395 420/483/398 188/480/290
f 188/356/290 423/484/399 422/352/286
f 188/480/290 421/481/396 520/485/400
f 148/362/296 428/486/401 429/487/402
f 422/352/286 423/484/399 424/363/297
f 424/363/297 423/484/399 428/486/401
f 189/488/403 345/361/295 148/362/296
f 189/488/403 425/368/302 345/361/295
f 218/489/404 426/490/405 427/491/406
f 425/368/302 426/492/405 191/366/300
f 225/493/407 521/494/408 423/484/399
f 521/494/408 428/486/401 423/484/399
f 431/495/409 429/487/402 430/496/410
f 428/486/401 430/496/410 429/487/402
f 431/495/409 189/488/403 148/362/296
f 522/497/411 189/498/403 431/499/409
f 427/491/406 189/498/403 218/489/404
f 432/500/412 433/369/303 349/365/299
f 434/371/305 439/501/413 192/502/309
f 439/501/413 433/369/303 432/500/412
f 350/370/304 433/369/303 439/501/413
f 426/492/405 435/503/414 191/366/300
f 437/382/314 432/500/412 348/367/301
f 358/380/312 432/500/412 437/382/314
f 432/500/412 438/504/310 192/502/309
f 434/371/305 192/502/309 355/505/307
f 445/506/415 363/389/321 534/507/416
f 363/389/321 364/391/313 223/397/328
f 458/508/417 449/395/326 455/509/418
f 455/509/418 448/510/419 444/511/420
f 534/507/416 363/389/321 223/397/328
f 449/395/326 447/512/421 454/513/422
f 451/514/423 453/515/424 447/512/421
f 453/515/424 452/516/425 447/512/421
f 454/513/422 452/516/425 193/517/426
f 455/518/418 457/519/427 459/520/428
f 532/521/429 443/522/430 531/523/431
f 532/521/429 456/524/432 443/522/430
f 531/523/431 443/522/430 445/525/415
f 456/524/432 457/519/427 444/526/420
f 230/527/433 458/528/417 459/520/428
f 375/405/336 193/517/426 460/529/434
f 174/402/333 460/529/434 461/406/337
f 376/292/231 460/529/434 176/407/338
f 460/530/434 464/531/435 462/532/436
f 462/532/436 468/533/437 469/534/438
f 469/534/438 468/533/437 467/535/439
f 197/536/440 196/537/441 464/531/435
f 199/538/442 452/539/425 453/540/424
f 465/541/443 193/542/426 199/538/442
f 194/412/342 467/535/439 471/411/341
f 466/543/444 472/544/445 470/545/346
f 471/411/341 473/546/446 472/544/445
f 470/545/346 472/544/445 479/547/447
f 471/411/341 467/535/439 473/546/446
f 464/531/435 460/530/434 465/541/443
f 461/406/337 460/529/434 376/292/231
f 199/538/442 193/542/426 452/539/425
f 466/543/444 471/411/341 472/544/445
f 380/548/344 471/411/341 466/543/444
f 472/544/445 477/549/448 479/547/447
f 473/546/446 200/550/449 477/549/448
f 548/551/450 198/552/451 199/538/442
f 201/553/452 476/554/453 552/555/454
f 201/553/452 475/556/455 476/554/453
f 476/554/453 196/537/441 197/536/440
f 476/554/453 197/536/440 551/557/456
f 474/558/457 196/537/441 476/554/453
f 197/536/440 463/559/458 553/560/459
f 196/537/441 474/558/457 468/533/437
f 479/547/447 385/420/347 195/561/345
f 481/562/460 477/549/448 200/550/449
f 385/420/347 479/547/447 478/421/349
f 479/547/447 477/549/448 481/562/460
f 480/563/461 200/550/449 475/556/455
f 479/547/447 202/424/352 478/421/349
f 482/564/462 475/556/455 201/553/452
f 203/428/356 490/565/463 181/566/361
f 387/567/464 481/562/460 389/427/355
f 203/428/356 480/563/461 490/565/463
f 488/568/465 490/565/463 482/564/462
f 483/569/466 201/553/452 560/570/467
f 483/569/466 482/564/462 201/553/452
f 485/571/468 484/572/469 483/569/466
f 484/572/469 488/568/465 483/569/466
f 487/573/470 485/571/468 563/574/471
f 565/575/472 486/576/473 561/577/474
f 233/578/475 486/576/473 565/575/472
f 205/579/476 488/568/465 484/572/469
f 486/580/473 233/581/475 487/573/470
f 233/581/475 489/582/477 487/573/470
f 487/573/470 489/582/477 485/571/468
f 485/571/468 489/582/477 205/579/476
f 489/582/477 233/581/475 492/583/478
f 233/578/475 234/584/479 492/585/478
f 205/579/476 489/582/477 491/586/480
f 490/565/463 499/587/481 181/566/361
f 205/579/476 499/587/481 488/568/465
f 499/588/481 491/589/480 494/590/482
f 568/591/483 493/592/484 566/593/485
f 493/592/484 569/594/486 235/595/487
f 493/592/484 568/591/483 569/594/486
f 494/590/482 497/596/488 499/588/481
f 235/597/487 574/598/489 206/599/490
f 495/600/491 498/601/492 494/590/482
f 496/602/493 497/596/488 498/601/492
f 496/602/493 498/601/492 236/603/494
f 497/596/488 494/590/482 498/601/492
f 497/596/488 500/436/362 499/588/481
f 501/604/495 497/596/488 496/602/493
f 501/604/495 500/436/362 497/596/488
f 501/604/495 503/605/496 502/437/363
f 502/437/363 503/605/496 504/606/497
f 208/607/498 503/605/496 496/602/493
f 505/456/378 207/458/380 503/605/496
f 505/456/378 507/608/499 509/609/500
f 507/608/499 208/607/498 506/610/501
f 509/609/500 210/469/389 184/466/387
f 184/466/387 210/469/389 413/467/388
f 236/603/494 506/610/501 208/607/498
f 236/603/494 510/611/502 506/610/501
f 510/611/502 511/612/503 506/610/501
f 506/610/501 511/612/503 211/613/504
f 513/472/392 511/612/503 512/614/505
f 513/472/392 211/613/504 511/612/503
f 512/614/505 511/612/503 510/611/502
f 509/609/500 184/466/387 209/459/381
f 211/613/504 212/471/391 210/469/389
f 211/613/504 513/472/392 212/471/391
f 415/477/394 418/478/287 412/476/266
f 419/479/395 415/477/394 217/482/397
f 512/614/505 215/615/506 214/616/507
f 215/617/506 517/618/508 214/619/507
f 570/620/509 572/621/510 235/595/487
f 515/622/511 572/621/510 570/620/509
f 515/622/511 516/623/512 572/621/510
f 515/622/511 517/618/508 516/623/512
f 517/618/508 216/624/513 214/619/507
f 518/625/514 214/619/507 216/624/513
f 217/482/397 518/626/514 421/481/396
f 519/627/515 518/625/514 216/624/513
f 519/627/515 520/628/400 518/625/514
f 520/628/400 519/627/515 535/629/516
f 523/630/517 522/497/411 219/631/518
f 219/631/518 522/497/411 190/632/519
f 218/489/404 220/633/520 426/490/405
f 523/630/517 229/634/521 526/635/522
f 526/635/522 525/636/523 221/637/524
f 523/630/517 221/637/524 220/633/520
f 221/637/524 525/636/523 222/638/525
f 530/639/526 581/640/527 580/641/528
f 222/638/525 528/642/529 221/637/524
f 527/643/530 533/644/531 222/638/525
f 222/638/525 531/523/431 528/642/529
f 222/638/525 533/644/531 531/523/431
f 228/645/532 529/646/533 544/647/534
f 529/646/533 533/644/531 544/647/534
f 533/644/531 529/646/533 456/524/432
f 456/524/432 529/646/533 530/639/526
f 544/647/534 533/644/531 527/643/530
f 220/633/520 441/648/535 426/490/405
f 220/633/520 442/649/536 441/648/535
f 531/523/431 534/650/416 528/642/529
f 457/519/427 456/524/432 459/520/428
f 223/651/328 528/642/529 534/650/416
f 445/525/415 534/650/416 531/523/431
f 224/652/537 227/653/538 430/654/410
f 521/655/408 226/656/539 224/652/537
f 543/657/540 585/658/541 538/659/542
f 541/660/543 537/661/544 542/662/545
f 539/663/546 238/664/547 228/645/532
f 541/660/543 542/662/545 526/635/522
f 527/643/530 543/657/540 539/663/546
f 526/635/522 524/665/548 525/636/523
f 230/527/433 545/666/549 239/667/550
f 582/668/551 530/639/526 580/641/528
f 239/667/550 554/669/552 230/527/433
f 450/670/553 554/669/552 546/671/554
f 553/560/459 198/552/451 547/672/555
f 547/672/555 198/552/451 548/551/450
f 231/673/556 549/674/557 550/675/558
f 550/675/558 559/676/559 231/673/556
f 551/557/456 550/677/558 552/555/454
f 551/557/456 553/560/459 559/678/559
f 548/551/450 199/538/442 546/679/554
f 239/667/550 555/680/560 548/681/450
f 204/682/561 591/683/562 232/684/563
f 557/685/564 590/686/565 558/687/566
f 557/685/564 556/688/567 587/689/568
f 557/685/564 559/676/559 547/690/555
f 564/691/569 204/682/561 232/684/563
f 231/673/556 558/687/566 204/682/561
f 552/555/454 560/570/467 201/553/452
f 204/682/561 561/577/474 549/674/557
f 486/576/473 549/674/557 561/577/474
f 486/580/473 562/692/570 549/693/557
f 560/570/467 563/574/471 483/569/466
f 564/691/569 561/577/474 204/682/561
f 564/691/569 234/584/479 565/575/472
f 233/578/475 565/575/472 234/584/479
f 492/585/478 234/584/479 567/694/571
f 492/585/478 567/694/571 566/593/485
f 570/620/509 569/594/486 576/695/572
f 577/696/573 568/591/483 571/697/574
f 575/698/575 515/622/511 576/695/572
f 516/699/512 514/700/576 573/701/577
f 572/702/510 573/701/577 574/598/489
f 574/598/489 236/603/494 495/600/491
f 576/695/572 519/627/515 575/698/575
f 237/703/578 535/629/516 576/695/572
f 578/704/579 571/697/574 567/694/571
f 226/656/539 237/703/578 224/652/537
f 224/652/537 578/704/579 536/705/580
f 224/652/537 237/703/578 577/696/573
f 588/706/581 579/707/582 238/664/547
f 581/640/527 579/707/582 588/706/581
f 583/708/583 584/709/584 537/661/544
f 232/684/563 567/694/571 564/691/569
f 232/684/563 583/708/583 567/694/571
f 585/658/541 584/709/584 538/659/542
f 584/709/584 586/710/585 538/659/542
f 537/661/544 584/709/584 585/658/541
f 536/705/580 583/708/583 227/653/538
f 538/659/542 586/710/585 591/683/562
f 586/710/585 584/709/584 583/708/583
f 580/641/528 581/640/527 587/689/568
f 581/640/527 588/706/581 587/689/568
f 588/706/581 557/685/564 587/689/568
f 238/664/547 590/686/565 588/706/581
f 590/686/565 589/711/586 591/683/562
f 249/219/165 240/227/173 241/209/155
f 249/219/165 241/209/155 242/208/154
f 267/207/153 150/206/152 252/226/172
f 154/205/151 241/209/155 150/206/152
f 150/206/152 241/209/155 240/227/173
f 263/211/157 244/204/150 242/208/154
f 244/204/150 149/203/149 242/208/154
f 149/203/149 249/219/165 242/208/154
f 243/210/156 159/212/158 244/204/150
f 245/202/148 159/212/158 246/213/159
f 286/295/220 161/216/162 246/213/159
f 246/213/159 161/216/162 151/214/160
f 161/216/162 247/215/161 151/214/160
f 247/215/161 248/220/166 249/219/165
f 247/215/161 162/217/163 248/220/166
f 255/229/175 250/223/169 163/224/170
f 151/214/160 149/203/149 245/202/148
f 240/227/173 251/221/167 256/225/171
f 253/228/174 254/232/178 255/229/175
f 255/229/175 256/225/171 250/223/169
f 256/225/171 255/229/175 254/232/178
f 261/231/177 257/234/180 260/233/179
f 260/233/179 155/240/186 261/231/177
f 267/207/153 265/237/183 154/205/151
f 267/207/153 261/231/177 155/240/186
f 259/245/191 155/240/186 260/233/179
f 254/232/178 258/235/181 257/234/180
f 262/304/242 253/228/174 153/230/176
f 262/304/242 300/236/182 253/228/174
f 152/303/241 258/235/181 300/236/182
f 242/208/154 268/238/184 264/239/185
f 155/240/186 266/242/188 267/207/153
f 267/207/153 266/242/188 265/237/183
f 311/243/189 266/242/188 310/241/187
f 154/205/151 268/238/184 242/208/154
f 263/712/157 264/246/185 156/255/198
f 264/246/185 272/248/193 156/255/198
f 263/712/157 156/255/198 243/256/156
f 311/336/189 269/251/195 265/250/183
f 268/252/184 271/247/192 264/246/185
f 270/249/194 271/247/192 268/252/184
f 156/255/198 335/254/197 273/259/201
f 156/255/198 273/259/201 243/256/156
f 275/374/202 274/257/199 169/358/292
f 274/257/199 334/347/281 169/358/292
f 274/257/199 275/374/202 278/258/200
f 275/260/202 276/265/206 279/261/203
f 281/269/210 279/261/203 277/264/205
f 279/261/203 281/269/210 158/271/212
f 281/269/210 284/277/218 157/270/211
f 171/267/208 280/386/318 285/272/213
f 281/269/210 277/264/205 171/267/208
f 283/273/214 285/272/213 373/274/215
f 285/272/213 284/277/218 281/269/210
f 373/274/215 285/272/213 280/386/318
f 286/281/220 157/270/211 287/282/221
f 294/283/222 157/270/211 282/276/217
f 158/271/212 159/713/158 243/278/156
f 159/713/158 158/271/212 246/280/159
f 287/282/221 295/285/224 289/286/225
f 295/285/224 291/284/223 289/286/225
f 287/282/221 289/286/225 288/714/228
f 290/287/226 291/284/223 376/292/231
f 173/401/332 376/292/231 296/293/232
f 378/715/229 288/714/228 379/408/339
f 379/408/339 288/714/228 377/291/230
f 288/714/228 289/286/225 377/291/230
f 286/281/220 287/282/221 288/714/228
f 381/716/340 160/288/227 378/290/229
f 287/282/221 294/283/222 295/285/224
f 371/403/334 296/293/232 372/275/216
f 291/284/223 297/279/219 296/293/232
f 173/401/332 296/293/232 371/403/334
f 177/296/234 160/288/227 381/716/340
f 164/297/235 162/217/163 177/296/234
f 299/717/587 153/230/176 179/300/238
f 382/414/343 163/224/170 164/297/235
f 179/300/238 153/230/176 195/416/345
f 153/230/176 178/298/236 195/416/345
f 179/300/238 302/299/237 299/717/587
f 153/230/176 299/717/587 262/304/242
f 300/236/182 301/305/243 303/302/240
f 302/299/237 301/305/243 262/304/242
f 299/717/587 302/299/237 262/304/242
f 383/301/239 305/718/350 304/306/244
f 302/299/237 383/301/239 304/306/244
f 303/302/240 307/308/246 152/303/241
f 305/718/350 390/719/357 304/306/244
f 303/302/240 304/306/244 306/309/247
f 390/719/357 397/310/248 304/306/244
f 258/235/181 152/303/241 165/312/250
f 152/303/241 307/308/246 165/312/250
f 166/315/252 310/314/187 309/720/190
f 315/311/249 165/312/250 312/721/373
f 165/312/250 314/317/253 312/721/373
f 309/244/190 259/245/191 315/311/249
f 313/722/369 308/307/245 397/310/248
f 313/722/369 314/317/253 308/307/245
f 309/720/190 315/451/249 166/315/252
f 321/322/257 318/320/256 185/319/255
f 166/315/252 316/318/254 317/313/251
f 316/321/254 318/320/256 323/335/270
f 318/320/256 324/325/260 323/335/270
f 407/324/259 319/326/261 320/328/263
f 407/324/259 320/328/263 321/322/257
f 167/333/268 326/329/264 320/328/263
f 325/330/265 322/327/262 412/331/266
f 167/333/268 322/327/262 325/330/265
f 324/325/260 327/343/277 323/335/270
f 417/338/272 326/329/264 167/333/268
f 338/341/275 327/343/277 324/325/260
f 338/341/275 328/337/271 327/343/277
f 269/251/195 332/344/278 270/249/194
f 330/342/276 329/723/588 332/344/278
f 271/247/192 270/249/194 331/253/196
f 331/253/196 332/344/278 329/723/588
f 331/253/196 329/723/588 333/345/279
f 272/248/193 331/253/196 333/345/279
f 330/342/276 333/345/279 329/723/588
f 169/358/292 334/347/281 170/355/289
f 334/347/281 336/346/280 170/355/289
f 330/342/276 338/341/275 336/346/280
f 336/346/280 338/341/275 341/348/282
f 422/352/286 339/354/288 168/332/267
f 339/354/288 340/351/285 416/339/273
f 333/345/279 330/342/276 336/346/280
f 422/352/286 424/363/297 339/354/288
f 424/363/297 344/360/294 339/354/288
f 344/360/294 343/359/293 342/350/284
f 170/355/289 346/349/283 351/357/291
f 346/349/283 349/365/299 433/369/303
f 345/361/295 347/364/298 343/359/293
f 425/368/302 347/364/298 345/361/295
f 346/349/283 343/359/293 347/364/298
f 346/349/283 350/370/304 351/357/291
f 169/358/292 351/357/291 353/372/306
f 355/505/307 352/724/308 434/371/305
f 276/373/206 353/372/306 352/724/308
f 352/724/308 353/372/306 434/371/305
f 276/373/206 169/358/292 353/372/306
f 276/265/206 352/376/308 354/263/204
f 355/375/307 356/266/207 354/263/204
f 359/268/209 438/378/310 360/384/316
f 359/268/209 355/375/307 192/377/309
f 357/379/311 438/504/310 358/380/312
f 438/378/310 357/725/311 360/384/316
f 436/383/315 364/381/313 358/380/312
f 171/267/208 360/384/316 280/386/318
f 280/386/318 360/384/316 361/385/317
f 373/274/215 361/385/317 370/387/319
f 363/389/321 361/385/317 364/391/313
f 364/391/313 360/384/316 357/725/311
f 367/396/327 366/388/320 365/393/324
f 361/385/317 362/390/322 366/388/320
f 436/383/315 440/726/329 364/381/313
f 172/399/330 367/396/327 369/392/323
f 372/275/216 373/274/215 370/387/319
f 174/402/333 175/400/331 375/405/336
f 176/727/338 469/534/438 290/728/226
f 469/534/438 379/413/339 290/728/226
f 380/548/344 381/409/340 471/411/341
f 177/296/234 381/716/340 380/415/344
f 382/414/343 178/298/236 163/224/170
f 385/418/347 179/300/238 195/416/345
f 305/422/350 383/729/239 384/419/348
f 383/729/239 385/420/347 384/419/348
f 478/421/349 202/424/352 388/423/351
f 202/424/352 387/567/464 386/425/353
f 386/425/353 387/567/464 389/427/355
f 305/422/350 478/421/349 388/423/351
f 391/730/360 386/425/353 389/427/355
f 390/731/357 305/422/350 388/423/351
f 180/431/358 388/430/351 393/432/359
f 391/730/360 388/423/351 386/425/353
f 391/433/360 394/440/366 393/432/359
f 181/566/361 392/426/354 203/428/356
f 389/427/355 392/426/354 391/730/360
f 182/439/365 394/440/366 391/433/360
f 392/434/354 182/439/365 391/433/360
f 395/438/364 399/732/589 182/439/365
f 393/432/359 396/441/367 180/431/358
f 504/606/497 395/438/364 502/437/363
f 504/606/497 399/732/589 395/438/364
f 399/732/589 396/441/367 182/439/365
f 394/440/366 182/439/365 396/441/367
f 180/431/358 398/442/368 397/444/248
f 398/442/368 402/445/370 313/443/369
f 409/465/386 401/448/372 400/447/371
f 399/732/589 400/447/371 396/441/367
f 396/441/367 400/447/371 398/442/368
f 315/451/249 186/450/374 166/315/252
f 314/446/253 402/445/370 312/449/373
f 312/449/373 402/445/370 186/450/374
f 186/450/374 402/445/370 401/448/372
f 390/429/357 180/431/358 397/444/248
f 186/450/374 401/448/372 409/465/386
f 409/465/386 404/454/376 183/452/375
f 183/452/375 405/455/377 185/453/255
f 508/457/379 403/460/382 207/458/380
f 207/458/380 403/460/382 410/462/384
f 406/464/258 405/455/377 404/454/376
f 184/466/387 408/463/385 403/460/382
f 408/463/385 404/454/376 403/460/382
f 184/466/387 403/460/382 209/459/381
f 166/315/252 185/453/255 316/318/254
f 405/455/377 406/464/258 185/453/255
f 407/468/259 406/464/258 408/463/385
f 407/468/259 408/463/385 184/466/387
f 410/462/384 504/606/497 207/458/380
f 504/606/497 410/462/384 400/447/371
f 168/332/267 412/331/266 418/353/287
f 210/469/389 212/471/391 414/470/390
f 413/467/388 414/470/390 319/474/261
f 214/616/507 415/477/394 213/473/393
f 415/477/394 212/471/391 213/473/393
f 187/475/269 414/470/390 212/471/391
f 168/332/267 417/338/272 325/330/265
f 420/483/398 419/479/395 421/481/396
f 225/493/407 188/480/290 520/485/400
f 225/493/407 423/484/399 188/480/290
f 421/481/396 188/480/290 420/483/398
f 148/362/296 424/363/297 428/486/401
f 427/733/406 425/368/302 189/488/403
f 426/492/405 425/368/302 427/733/406
f 428/486/401 521/494/408 430/496/410
f 148/362/296 429/487/402 431/495/409
f 190/632/519 430/654/410 227/653/538
f 190/632/519 431/499/409 430/654/410
f 522/497/411 431/499/409 190/632/519
f 522/497/411 218/489/404 189/498/403
f 348/367/301 432/500/412 349/365/299
f 350/370/304 439/501/413 434/371/305
f 426/492/405 441/734/535 435/503/414
f 436/383/315 441/734/535 440/726/329
f 435/503/414 441/734/535 437/382/314
f 435/503/414 437/382/314 191/366/300
f 436/383/315 437/382/314 441/734/535
f 191/366/300 437/382/314 348/367/301
f 358/380/312 438/504/310 432/500/412
f 439/501/413 432/500/412 192/502/309
f 440/735/329 441/648/535 442/649/536
f 440/735/329 442/649/536 223/651/328
f 443/522/430 444/526/420 445/525/415
f 444/511/420 446/736/590 445/506/415
f 363/389/321 445/506/415 362/390/322
f 445/506/415 446/736/590 362/390/322
f 444/511/420 448/510/419 446/736/590
f 447/512/421 449/395/326 458/508/417
f 450/670/553 451/737/423 458/528/417
f 447/512/421 458/508/417 451/514/423
f 455/509/418 449/395/326 448/510/419
f 175/400/331 449/395/326 374/404/335
f 365/393/324 446/736/590 448/510/419
f 449/395/326 365/393/324 448/510/419
f 374/404/335 449/395/326 454/513/422
f 365/393/324 362/390/322 446/736/590
f 554/669/552 450/670/553 230/527/433
f 451/737/423 450/670/553 546/671/554
f 546/738/554 453/515/424 451/514/423
f 375/405/336 374/404/335 193/517/426
f 447/512/421 452/516/425 454/513/422
f 374/404/335 454/513/422 193/517/426
f 174/402/333 375/405/336 460/529/434
f 458/528/417 455/518/418 459/520/428
f 443/522/430 456/524/432 444/526/420
f 457/519/427 455/518/418 444/526/420
f 230/527/433 450/670/553 458/528/417
f 460/530/434 193/542/426 465/541/443
f 469/534/438 176/727/338 462/532/436
f 176/727/338 460/530/434 462/532/436
f 199/538/442 453/540/424 546/679/554
f 198/552/451 463/559/458 465/541/443
f 463/559/458 197/536/440 464/531/435
f 198/552/451 465/541/443 199/538/442
f 463/559/458 464/531/435 465/541/443
f 464/531/435 196/537/441 468/533/437
f 467/535/439 474/558/457 473/546/446
f 467/535/439 468/533/437 474/558/457
f 468/533/437 462/532/436 464/531/435
f 195/561/345 470/545/346 479/547/447
f 379/413/339 469/534/438 467/535/439
f 194/412/342 379/413/339 467/535/439
f 378/410/229 194/412/342 471/411/341
f 382/739/343 466/543/444 470/545/346
f 382/739/343 380/548/344 466/543/444
f 474/558/457 200/550/449 473/546/446
f 472/544/445 473/546/446 477/549/448
f 475/556/455 200/550/449 474/558/457
f 476/554/453 475/556/455 474/558/457
f 387/567/464 479/547/447 481/562/460
f 479/547/447 387/567/464 202/424/352
f 481/562/460 480/563/461 203/428/356
f 482/564/462 490/565/463 480/563/461
f 482/564/462 480/563/461 475/556/455
f 203/428/356 389/427/355 481/562/460
f 200/550/449 480/563/461 481/562/460
f 488/568/465 482/564/462 483/569/466
f 485/571/468 483/569/466 563/574/471
f 487/573/470 563/574/471 486/580/473
f 484/572/469 485/571/468 205/579/476
f 490/565/463 488/568/465 499/587/481
f 205/579/476 491/586/480 499/587/481
f 566/593/485 493/592/484 492/585/478
f 489/582/477 492/583/478 491/586/480
f 206/599/490 494/590/482 491/589/480
f 235/597/487 206/599/490 493/740/484
f 206/599/490 491/589/480 493/740/484
f 491/586/480 492/583/478 493/741/484
f 206/599/490 574/598/489 495/600/491
f 206/599/490 495/600/491 494/590/482
f 236/603/494 498/601/492 495/600/491
f 181/435/361 499/588/481 500/436/362
f 502/437/363 392/434/354 500/436/362
f 502/437/363 500/436/362 501/604/495
f 503/605/496 501/604/495 496/602/493
f 236/603/494 208/607/498 496/602/493
f 507/608/499 503/605/496 208/607/498
f 399/732/589 504/606/497 400/447/371
f 504/606/497 503/605/496 207/458/380
f 507/608/499 505/456/378 503/605/496
f 505/456/378 509/609/500 508/457/379
f 506/610/501 509/609/500 507/608/499
f 209/459/381 508/457/379 509/609/500
f 509/609/500 506/610/501 211/613/504
f 509/609/500 211/613/504 210/469/389
f 512/614/505 510/611/502 514/700/576
f 236/603/494 573/701/577 510/611/502
f 512/614/505 213/473/393 513/472/392
f 512/614/505 214/616/507 213/473/393
f 415/477/394 419/479/395 418/478/287
f 217/482/397 415/477/394 214/616/507
f 512/614/505 514/700/576 215/615/506
f 215/617/506 516/623/512 517/618/508
f 575/698/575 216/624/513 517/618/508
f 575/698/575 517/618/508 515/622/511
f 214/616/507 518/626/514 217/482/397
f 421/481/396 518/626/514 520/485/400
f 225/742/407 520/628/400 535/629/516
f 535/629/516 226/656/539 225/742/407
f 430/654/410 521/655/408 224/652/537
f 190/632/519 227/653/538 229/634/521
f 218/489/404 522/497/411 523/630/517
f 220/633/520 218/489/404 523/630/517
f 229/634/521 523/630/517 219/631/518
f 523/630/517 526/635/522 221/637/524
f 222/638/525 525/636/523 524/665/548
f 222/638/525 524/665/548 527/643/530
f 582/668/551 545/666/549 530/639/526
f 581/640/527 530/639/526 228/645/532
f 228/645/532 530/639/526 529/646/533
f 459/520/428 530/639/526 230/527/433
f 456/524/432 530/639/526 459/520/428
f 530/639/526 545/666/549 230/527/433
f 220/633/520 221/637/524 528/642/529
f 220/633/520 528/642/529 442/649/536
f 528/642/529 223/651/328 442/649/536
f 456/524/432 532/521/429 533/644/531
f 533/644/531 532/521/429 531/523/431
f 521/655/408 225/742/407 226/656/539
f 224/652/537 536/705/580 227/653/538
f 227/653/538 540/743/591 229/634/521
f 541/660/543 540/743/591 537/661/544
f 542/662/545 537/661/544 585/658/541
f 538/659/542 238/664/547 539/663/546
f 538/659/542 539/663/546 543/657/540
f 585/658/541 543/657/540 542/662/545
f 540/743/591 541/660/543 229/634/521
f 526/635/522 542/662/545 543/657/540
f 526/635/522 543/657/540 524/665/548
f 228/645/532 544/647/534 539/663/546
f 544/647/534 527/643/530 539/663/546
f 527/643/530 524/665/548 543/657/540
f 526/635/522 229/634/521 541/660/543
f 190/632/519 229/634/521 219/631/518
f 239/667/550 545/666/549 582/668/551
f 556/688/567 547/690/555 548/681/450
f 559/678/559 553/560/459 547/672/555
f 476/554/453 551/557/456 552/555/454
f 550/677/558 551/557/456 559/678/559
f 552/555/454 550/677/558 549/693/557
f 463/559/458 198/552/451 553/560/459
f 197/536/440 553/560/459 551/557/456
f 546/671/554 554/669/552 548/681/450
f 548/681/450 555/680/560 556/688/567
f 555/680/560 587/689/568 556/688/567
f 554/669/552 239/667/550 548/681/450
f 558/687/566 590/686/565 591/683/562
f 557/685/564 547/690/555 556/688/567
f 591/683/562 204/682/561 558/687/566
f 557/685/564 558/687/566 559/676/559
f 559/676/559 558/687/566 231/673/556
f 552/555/454 562/692/570 560/570/467
f 562/692/570 552/555/454 549/693/557
f 204/682/561 549/674/557 231/673/556
f 563/574/471 560/570/467 486/580/473
f 560/570/467 562/692/570 486/580/473
f 565/575/472 561/577/474 564/691/569
f 564/691/569 567/694/571 234/584/479
f 235/595/487 569/594/486 570/620/509
f 571/697/574 566/593/485 567/694/571
f 571/697/574 568/591/483 566/593/485
f 577/696/573 569/594/486 568/591/483
f 576/695/572 569/594/486 577/696/573
f 576/695/572 515/622/511 570/620/509
f 572/702/510 516/699/512 573/701/577
f 572/702/510 574/598/489 235/597/487
f 514/700/576 510/611/502 573/701/577
f 236/603/494 574/598/489 573/701/577
f 514/700/576 516/699/512 215/615/506
f 575/698/575 519/627/515 216/624/513
f 576/695/572 535/629/516 519/627/515
f 535/629/516 237/703/578 226/656/539
f 583/708/583 578/704/579 567/694/571
f 578/704/579 577/696/573 571/697/574
f 577/696/573 237/703/578 576/695/572
f 578/704/579 224/652/537 577/696/573
f 583/708/583 536/705/580 578/704/579
f 238/664/547 579/707/582 228/645/532
f 228/645/532 579/707/582 581/640/527
f 587/689/568 582/668/551 580/641/528
f 587/689/568 239/667/550 582/668/551
f 227/653/538 583/708/583 537/661/544
f 227/653/538 537/661/544 540/743/591
f 238/664/547 538/659/542 589/711/586
f 232/684/563 586/710/585 583/708/583
f 238/664/547 589/711/586 590/686/565
f 591/683/562 589/711/586 538/659/542
f 239/667/550 587/689/568 555/680/560
f 557/685/564 588/706/581 590/686/565
f 232/684/563 591/683/562 586/710/585
o stone3
v -113.439514 -14.282174 -93.224251
v -102.506210 -0.977742 -93.949524
v -104.302910 45.536579 -85.702148
v -109.362267 75.240967 -93.114075
v -65.108002 -42.868500 -64.163773
v -70.537354 -14.005859 -41.028408
v -72.028770 25.124544 11.931483
v -92.893623 -74.711815 22.675184
v -106.511688 -79.008598 53.777260
v -88.785294 -48.739685 -79.370628
v -83.164848 -64.980019 -26.539755
v -112.804260 -66.059334 -67.077385
v -129.978134 -64.490143 -77.658806
v -95.266510 -35.737209 -88.074097
v -129.006531 -29.829165 -83.350739
v -140.053452 24.368721 -90.199638
v -143.350037 73.190628 -94.406006
v -140.289597 99.579308 -78.427727
v -116.325119 -37.668541 85.543030
v -114.036034 -23.429716 82.201126
v -109.123566 -69.790955 74.122223
v -130.677719 -88.276352 60.801338
v -161.424393 -67.354019 52.473122
v -169.337189 -42.267982 67.821465
v -248.214554 -69.386856 -41.674744
v -242.823318 40.007275 43.522308
v -216.803238 67.580238 23.297829
v -110.110451 95.677490 -50.519032
v -112.621239 95.003059 -14.027178
v -102.059868 81.597282 -3.959323
v -116.070366 68.920052 73.727264
v -89.036018 45.029900 77.007637
v -163.405304 55.894726 95.857597
v -253.121445 29.028416 46.159786
v -249.054413 -81.917046 -32.306446
v -239.446640 49.074883 68.196289
v -234.418198 55.695278 69.992149
v -203.789062 96.343330 79.968300
v -182.985733 89.984047 79.664871
v -131.802780 98.097076 53.888279
v -150.498291 100.462105 50.061680
v -83.438751 -41.477463 -83.036789
v -117.239296 -38.975601 -82.441849
v -139.337875 -14.524571 -86.795929
v -126.371132 -2.249070 -88.219048
v -131.451218 24.488173 -88.253716
v -125.218559 14.130792 -86.710266
v -114.347244 37.684032 -88.275108
v -104.768715 18.496506 -86.725250
v -75.253395 -30.433918 -87.918968
v -97.904709 3.475228 -83.042061
v -65.646660 -36.292313 -73.455521
v -90.502457 -6.359008 -85.917839
v -86.199829 6.018435 -50.623428
v -86.368874 46.531071 -43.562977
v -88.419724 18.419649 -44.810619
v -78.683533 13.645437 -21.994081
v -73.079681 27.854433 -2.808251
v -76.181831 39.416897 9.700729
v -69.949570 13.195148 -2.913087
v -72.312553 31.723997 34.465374
v -78.399017 -57.666077 -27.981672
v -66.248772 -27.145636 -45.959999
v -69.750717 -5.174339 -23.795582
v -83.380089 -33.188923 6.211580
v -74.809647 1.884981 33.673038
v -89.907936 -44.687630 26.998344
v -102.964851 -41.612072 71.784920
v -81.397316 -66.231544 -5.537839
v -71.684441 -59.186192 -59.300846
v -72.630699 -61.570393 -45.182987
v -117.529442 -83.232948 42.871910
v -102.236603 -78.618324 13.257615
v -138.298996 -85.158760 -8.624082
v -164.113708 -90.429131 21.561878
v -202.128082 -98.506073 -46.374531
v -155.200363 -87.808174 7.796814
v -168.307480 -88.070801 -47.846725
v -133.739319 -79.510841 -57.893677
v -160.685104 -77.738640 -63.951576
v -186.455093 -84.499496 -59.102928
v -143.580383 -54.496021 -78.230759
v -167.731491 -53.350330 -73.955765
v -202.944061 -50.888390 -64.067757
v -200.605270 -72.496323 -65.384972
v -150.886719 -25.157839 -85.329529
v -179.544876 -40.523289 -79.685089
v -155.716293 -3.496975 -90.360519
v -183.365387 -12.909526 -78.747711
v -155.145935 21.598312 -88.341858
v -122.018600 47.417732 -97.236023
v -141.872650 48.372585 -94.066551
v -176.970825 17.974298 -71.168694
v -218.611404 -46.935257 -53.684616
v -205.405563 -16.153532 -64.714836
v -235.072189 -41.225456 -47.943832
v -191.167404 15.097057 -67.527687
v -223.190979 -19.854233 -49.829811
v -207.079437 7.846414 -62.074261
v -161.324890 50.137131 -83.258858
v -171.606140 44.831131 -71.849556
v -144.405991 81.243729 -83.824623
v -137.116592 83.339851 -88.460045
v -132.719589 96.317764 -85.442039
v -119.314537 84.772995 -95.045563
v -108.832382 87.910202 -71.025955
v -99.589706 81.165054 -47.263126
v -89.160255 61.634357 -8.553253
v -95.230530 65.066620 -42.314472
v -105.768379 57.346706 -91.373787
v -102.117607 66.861145 -66.214745
v -125.265625 91.159462 -86.812706
v -120.671654 94.369865 -74.875275
v -72.188293 58.121361 54.210018
v -75.611725 60.110355 26.860428
v -73.197655 42.808605 34.089924
v -72.231781 38.531788 53.130680
v -98.835876 78.323242 -27.736742
v -83.757729 67.981064 37.689953
v -90.551247 74.209106 50.362949
v -104.979195 87.374817 37.988628
v -99.792290 73.358452 13.315826
v -77.931641 47.892220 60.236923
v -81.898811 41.265488 64.532555
v -90.738174 21.171505 69.925041
v -97.645454 34.043243 84.623840
v -91.613159 -4.472774 66.986931
v -90.103264 -22.415785 70.703796
v -116.283882 -8.456236 86.234108
v -137.849091 -23.598347 86.657295
v -171.062119 18.834267 97.197815
v -138.758072 17.431025 92.663261
v -147.851944 -3.059301 88.891609
v -120.620277 -50.972694 82.113358
v -144.523041 -36.688213 85.327538
v -126.560951 -76.266083 74.105141
v -165.503143 -10.274295 87.247589
v -140.720108 -60.264023 70.220726
v -208.535767 55.088200 96.502449
v -183.559677 -3.272314 83.083275
v -192.824860 -13.740365 69.345535
v -228.251617 -7.342887 45.489120
v -216.990707 -23.551828 35.592438
v -197.468109 -26.278580 54.824303
v -185.849625 -55.453552 41.075123
v -213.383179 -45.387356 25.154287
v -162.088837 -89.546852 46.080654
v -198.094315 -96.256569 -4.866147
v -221.186020 -98.887802 -29.574951
v -222.012024 -90.821228 -16.518091
v -224.035126 -91.105858 -40.720608
v -220.551773 -85.935677 -52.294357
v -226.615097 -80.624344 -43.278156
v -236.461807 -70.069374 -48.447701
v -254.314377 -49.063477 -22.585384
v -257.008850 -45.392014 -33.613678
v -252.197433 -25.997915 -10.233703
v -237.276794 -10.354657 -17.197132
v -164.215271 63.360519 -75.622162
v -226.992325 13.308284 -24.502144
v -179.590057 43.471321 -62.938530
v -214.745377 37.442459 -19.177685
v -200.748703 74.646606 -0.614591
v -218.965073 57.398010 15.359494
v -233.362198 46.284218 27.240601
v -182.125443 82.243416 -24.019350
v -159.280975 96.079552 -49.272453
v -171.609344 95.432541 -10.934013
v -145.095718 100.069809 -5.345222
v -162.231628 100.030624 -4.009424
v -183.988113 95.081581 22.917933
v -131.995605 99.855301 25.973854
v -122.557259 100.750504 -51.047504
v -110.124527 89.594940 9.997028
v -116.056061 78.472206 57.805527
v -89.058159 67.480721 57.510197
v -103.847519 63.566673 66.124817
v -119.486366 89.598785 45.765816
v -151.338318 93.990219 70.913925
v -160.232056 71.825813 86.291267
v -121.763908 62.117897 82.931480
v -133.247757 42.592739 96.544632
v -113.486099 41.359013 88.752884
v -112.972702 10.737066 84.776352
v -184.651917 72.684631 96.690300
v -221.928879 39.674255 86.776665
v -223.114059 23.478851 73.989075
v -235.335129 17.845455 60.795540
v -233.672501 28.237638 68.849442
v -201.811050 -88.965485 11.341478
v -254.082443 -15.886460 5.700354
v -236.660187 -19.594080 20.394140
v -234.009415 -88.348297 -26.804718
v -239.973114 -63.439262 -7.477626
v -235.926636 -37.214214 7.401502
v -232.323669 64.249992 73.927193
v -220.751114 80.438583 80.342522
v -218.567902 52.273880 92.310638
v -239.057663 40.866749 60.995094
v -199.295868 93.861626 52.151917
vn 0.6401 -0.0274 -0.7678
vn 0.8970 -0.0442 -0.4399
vn 0.3248 -0.5954 -0.7348
vn -0.1323 -0.1237 -0.9835
vn 0.2486 0.2748 -0.9288
vn 0.0179 -0.3615 -0.9322
vn -0.0969 0.1053 -0.9897
vn -0.1501 -0.0483 -0.9875
vn 0.0561 0.0005 -0.9984
vn -0.0181 -0.1877 -0.9821
vn -0.4159 0.5215 -0.7451
vn 0.2280 0.5493 -0.8039
vn -0.4659 0.3056 -0.8304
vn 0.9418 0.2081 -0.2641
vn 0.7521 -0.1303 -0.6461
vn 0.7265 -0.0008 -0.6872
vn 0.7086 0.5386 -0.4559
vn 0.9949 0.0898 0.0458
vn 0.7911 0.4570 -0.4067
vn 0.8486 0.4145 -0.3288
vn 0.8630 0.4318 -0.2620
vn 0.9167 0.1540 -0.3686
vn 0.5371 0.1473 -0.8305
vn 0.9514 0.2704 -0.1472
vn 0.8512 0.5153 -0.0993
vn 0.8516 0.4943 -0.1746
vn 0.9864 0.0805 -0.1431
vn 0.9328 0.2047 -0.2967
vn 0.9894 0.1372 -0.0483
vn 0.9921 0.1252 -0.0107
vn 0.9948 0.0766 -0.0665
vn 0.9608 0.2457 -0.1285
vn 0.9945 -0.0547 0.0890
vn 0.9579 -0.1651 0.2350
vn 0.7817 -0.1758 0.5984
vn 0.9591 -0.1965 0.2036
vn 0.8541 -0.5142 0.0786
vn 0.9416 -0.2155 0.2586
vn 0.7539 -0.6274 0.1949
vn 0.6893 -0.6816 0.2456
vn 0.7360 -0.2676 0.6218
vn 0.6202 -0.4271 0.6579
vn 0.0732 -0.9205 0.3839
vn 0.9272 -0.2934 0.2329
vn 0.7314 -0.6717 0.1176
vn 0.9262 -0.3146 -0.2078
vn 0.5723 -0.8184 -0.0525
vn 0.3340 -0.9407 -0.0587
vn 0.2823 -0.9589 -0.0303
vn 0.3105 -0.8111 -0.4958
vn 0.6193 -0.7119 -0.3310
vn 0.2326 -0.9028 -0.3616
vn 0.1816 -0.9818 -0.0550
vn 0.1934 -0.9441 -0.2669
vn 0.1584 -0.9873 -0.0143
vn 0.1901 -0.9809 -0.0412
vn -0.0708 -0.9249 -0.3736
vn -0.1163 -0.9776 0.1752
vn -0.4706 -0.7631 -0.4430
vn 0.0348 -0.6446 -0.7637
vn -0.0134 -0.6286 -0.7777
vn 0.0572 -0.5437 -0.8373
vn -0.0556 -0.3792 -0.9237
vn -0.2940 -0.3028 -0.9066
vn -0.5092 -0.4897 -0.7077
vn 0.2350 -0.6322 -0.7383
vn -0.1647 -0.2344 -0.9581
vn -0.5503 -0.0254 -0.8346
vn -0.2627 -0.2148 -0.9407
vn 0.0038 -0.2810 -0.9597
vn -0.1132 -0.2807 -0.9531
vn -0.5017 0.1069 -0.8584
vn -0.3840 0.0554 -0.9217
vn 0.0435 -0.1613 -0.9860
vn -0.6471 0.1322 -0.7508
vn -0.2812 -0.0442 -0.9586
vn -0.4832 0.1392 -0.8644
vn -0.5609 0.0379 -0.8270
vn -0.4550 0.0066 -0.8905
vn 0.1682 -0.1829 -0.9686
vn -0.3617 0.1584 -0.9188
vn -0.7324 0.1880 -0.6544
vn -0.7318 0.1945 -0.6532
vn -0.4479 -0.2915 -0.8452
vn -0.5070 0.2317 -0.8302
vn -0.6799 0.4565 -0.5739
vn 0.2196 0.7410 -0.6345
vn -0.0158 0.7069 -0.7071
vn -0.3685 0.8126 -0.4516
vn 0.7320 0.6211 -0.2801
vn 0.9229 0.3536 -0.1525
vn 0.8768 0.4809 -0.0026
vn 0.5955 0.7977 -0.0952
vn 0.8589 0.2943 0.4191
vn 0.7783 0.1692 0.6047
vn 0.7383 0.6706 -0.0718
vn 0.5239 0.7995 0.2939
vn 0.8445 0.5293 0.0811
vn 0.6681 0.7400 0.0775
vn 0.9550 -0.0619 0.2900
vn 0.7937 -0.1484 0.5899
vn 0.6761 0.2736 0.6841
vn 0.7738 -0.2270 0.5914
vn 0.3522 -0.0489 0.9347
vn 0.6743 -0.1228 0.7282
vn 0.7692 0.0564 0.6366
vn 0.4413 -0.1148 0.8900
vn 0.2358 -0.2149 0.9477
vn 0.7371 -0.2915 0.6097
vn -0.0958 -0.5627 0.8211
vn 0.0158 -0.0934 0.9955
vn -0.0901 -0.2025 0.9751
vn 0.1558 0.2164 0.9638
vn 0.0692 0.3915 0.9176
vn 0.0423 -0.1917 0.9805
vn 0.1354 -0.1479 0.9797
vn -0.2183 -0.3150 0.9236
vn -0.2254 -0.3435 0.9117
vn -0.3406 -0.7769 0.5295
vn -0.5611 -0.4373 0.7028
vn -0.4920 -0.5134 0.7031
vn -0.5359 -0.3560 0.7656
vn -0.5507 -0.0190 0.8345
vn -0.4156 -0.4304 0.8013
vn -0.2814 0.0454 0.9585
vn -0.6015 -0.2861 0.7459
vn -0.5831 -0.5446 0.6028
vn -0.5339 -0.5063 0.6772
vn -0.5881 -0.5722 0.5716
vn -0.5853 -0.4318 0.6863
vn -0.5021 -0.6768 0.5384
vn -0.6027 -0.3933 0.6943
vn -0.5934 -0.5697 0.5687
vn -0.5307 -0.0093 0.8475
vn -0.5480 -0.5015 0.6695
vn -0.0471 -0.9755 -0.2148
vn -0.5248 -0.7045 0.4778
vn -0.5472 -0.7906 0.2748
vn -0.6519 -0.5467 -0.5255
vn -0.7698 -0.6328 -0.0834
vn -0.7218 -0.2479 -0.6462
vn -0.9239 -0.2065 0.3220
vn -0.9919 0.1262 0.0132
vn -0.7959 0.4169 -0.4391
vn -0.9221 0.1225 -0.3670
vn -0.8349 0.3669 -0.4103
vn -0.7556 0.4939 -0.4304
vn -0.6268 0.2710 -0.7305
vn -0.7682 0.4940 -0.4073
vn -0.7952 0.5762 -0.1887
vn -0.7229 0.3568 -0.5917
vn -0.5930 0.7490 -0.2956
vn -0.7286 0.5890 -0.3498
vn -0.7021 0.6228 -0.3452
vn -0.7374 0.4003 -0.5441
vn -0.9681 -0.2018 0.1482
vn -0.9739 0.1769 0.1419
vn -0.7452 0.6004 -0.2901
vn -0.8141 0.4861 -0.3176
vn -0.1926 0.9804 -0.0414
vn 0.2099 0.9755 -0.0657
vn -0.0021 1.0000 0.0067
vn 0.1669 0.8572 0.4871
vn -0.3570 0.9297 -0.0908
vn -0.3382 0.9353 -0.1039
vn -0.5150 0.8408 -0.1666
vn 0.2664 0.9621 0.0588
vn -0.0589 0.9895 0.1322
vn 0.5700 0.8188 0.0684
vn 0.5032 0.8162 0.2841
vn 0.4526 0.8374 -0.3065
vn 0.5068 0.8566 0.0967
vn 0.3968 0.5699 0.7195
vn 0.4482 0.6298 0.6344
vn 0.4482 0.7029 0.5523
vn 0.5310 0.6032 0.5951
vn 0.4114 0.8385 0.3573
vn 0.1754 0.7862 0.5926
vn 0.3559 0.5122 0.7817
vn 0.1819 0.1194 0.9760
vn 0.3570 0.1702 0.9185
vn 0.2429 0.5078 0.8265
vn 0.5263 -0.0626 0.8480
vn -0.2526 0.8922 0.3744
vn -0.6996 0.5874 0.4069
vn -0.5956 -0.4431 0.6700
vn -0.8840 -0.0830 0.4601
vn -0.5841 -0.5770 0.5709
vn -0.6946 -0.3798 0.6110
vn -0.7036 -0.3800 0.6005
vn -0.9206 0.1674 0.3528
vn -0.9024 0.3443 0.2590
vn -0.9126 0.2851 0.2930
vn -0.1714 -0.1919 -0.9663
vn 0.1804 -0.2321 -0.9558
vn 0.2961 -0.2255 -0.9282
vn 0.6534 0.2283 -0.7218
vn 0.9364 0.2529 -0.2431
vn 0.6160 0.7834 -0.0833
vn 0.9112 0.4000 -0.0987
vt 0.721430 0.259847
vt 0.719167 0.270345
vt 0.711219 0.259018
vt 0.881017 0.528471
vt 0.886671 0.540715
vt 0.859299 0.533461
vt 0.894150 0.522696
vt 0.902564 0.501210
vt 0.905831 0.528761
vt 0.889250 0.509220
vt 0.961477 0.537114
vt 0.956711 0.551725
vt 0.953342 0.531839
vt 0.788418 0.264434
vt 0.776491 0.231355
vt 0.783783 0.224229
vt 0.739490 0.238241
vt 0.737481 0.249853
vt 0.731956 0.286476
vt 0.746018 0.245950
vt 0.756608 0.270078
vt 0.743259 0.285811
vt 0.767390 0.270148
vt 0.756098 0.237269
vt 0.797998 0.306309
vt 0.810952 0.284430
vt 0.817527 0.313425
vt 0.785514 0.300691
vt 0.769992 0.289917
vt 0.754459 0.295892
vt 0.787429 0.312454
vt 0.807492 0.323730
vt 0.774018 0.305657
vt 0.799112 0.327461
vt 0.777042 0.335730
vt 0.769766 0.371444
vt 0.742474 0.328031
vt 0.714982 0.328690
vt 0.740204 0.347237
vt 0.717052 0.353123
vt 0.722491 0.379011
vt 0.754563 0.380739
vt 0.734843 0.391178
vt 0.711219 0.396346
vt 0.856735 0.954427
vt 0.869829 0.957170
vt 0.879111 0.974191
vt 0.857392 0.947281
vt 0.841102 0.942819
vt 0.832844 0.920521
vt 0.805200 0.886428
vt 0.814985 0.901331
vt 0.803959 0.907353
vt 0.894274 0.936066
vt 0.878191 0.961021
vt 0.892449 0.916094
vt 0.858263 0.899206
vt 0.895262 0.887644
vt 0.842914 0.871987
vt 0.850700 0.882400
vt 0.903180 0.861037
vt 0.453212 0.654316
vt 0.442699 0.682680
vt 0.436282 0.651055
vt 0.909876 0.878920
vt 0.906078 0.899835
vt 0.907691 0.927752
vt 0.870426 0.475206
vt 0.849910 0.469795
vt 0.854670 0.449068
vt 0.869215 0.445703
vt 0.849910 0.430263
vt 0.867038 0.425811
vt 0.909876 0.964379
vt 0.897161 0.960991
vt 0.861725 0.492133
vt 0.849940 0.498311
vt 0.884851 0.449903
vt 0.884131 0.472331
vt 0.885581 0.497395
vt 0.874467 0.510972
vt 0.904543 0.477486
vt 0.920642 0.508657
vt 0.918163 0.520873
vt 0.944102 0.511133
vt 0.936355 0.526660
vt 0.926755 0.487525
vt 0.909666 0.458398
vt 0.892707 0.437958
vt 0.930748 0.540272
vt 0.928307 0.476276
vt 0.945148 0.498558
vt 0.913479 0.440785
vt 0.881767 0.419118
vt 0.900882 0.427496
vt 0.962902 0.530099
vt 0.965588 0.547888
vt 0.971122 0.543020
vt 0.977038 0.536691
vt 0.811802 0.212360
vt 0.810973 0.229732
vt 0.802484 0.211672
vt 0.802910 0.258221
vt 0.817610 0.263685
vt 0.828998 0.316405
vt 0.824503 0.333097
vt 0.818611 0.341129
vt 0.830140 0.293747
vt 0.467350 0.887266
vt 0.466116 0.911435
vt 0.455821 0.882496
vt 0.466190 0.927132
vt 0.452724 0.920823
vt 0.470400 0.869157
vt 0.809517 0.338030
vt 0.815192 0.347417
vt 0.821927 0.357255
vt 0.801695 0.359452
vt 0.411559 0.807089
vt 0.422371 0.801654
vt 0.434865 0.818507
vt 0.424105 0.828387
vt 0.400689 0.818189
vt 0.406998 0.840684
vt 0.440691 0.801667
vt 0.435921 0.785505
vt 0.454011 0.783542
vt 0.427093 0.792376
vt 0.449362 0.770561
vt 0.458509 0.760205
vt 0.411020 0.785476
vt 0.368862 0.783091
vt 0.347673 0.803576
vt 0.327052 0.795906
vt 0.393567 0.788232
vt 0.383803 0.803277
vt 0.416505 0.776102
vt 0.390753 0.773623
vt 0.449163 0.733642
vt 0.434372 0.764758
vt 0.411422 0.753351
vt 0.432877 0.743140
vt 0.328047 0.763128
vt 0.379188 0.763758
vt 0.329738 0.771736
vt 0.335712 0.755036
vt 0.390800 0.736340
vt 0.383405 0.749706
vt 0.382624 0.716750
vt 0.415878 0.727075
vt 0.433152 0.693997
vt 0.398658 0.707152
vt 0.367179 0.721375
vt 0.341646 0.736876
vt 0.348030 0.730191
vt 0.824245 0.867123
vt 0.871462 0.853433
vt 0.433306 0.660961
vt 0.427257 0.668364
vt 0.422694 0.656911
vt 0.871075 0.418324
vt 0.862954 0.416519
vt 0.878338 0.401465
vt 0.886053 0.410460
vt 0.904375 0.401449
vt 0.924632 0.403601
vt 0.933236 0.419793
vt 0.903615 0.409812
vt 0.945608 0.436511
vt 0.963886 0.447721
vt 0.927057 0.462700
vt 0.992814 0.434385
vt 0.993135 0.401608
vt 0.955689 0.510185
vt 0.988785 0.511456
vt 0.991433 0.482113
vt 0.997129 0.458173
vt 0.948279 0.489611
vt 0.368459 0.672970
vt 0.363057 0.686693
vt 0.338213 0.717901
vt 0.356420 0.953367
vt 0.361646 0.943842
vt 0.381081 0.958793
vt 0.338885 0.946680
vt 0.990188 0.417089
vt 0.416996 0.947553
vt 0.460459 0.970590
vt 0.455619 0.996903
vt 0.429999 0.943513
vt 0.380459 0.893272
vt 0.393924 0.933134
vt 0.376681 0.915643
vt 0.411323 0.955633
vt 0.430353 0.917132
vt 0.410919 0.906018
vt 0.464083 1.000000
vt 0.457465 0.940049
vt 0.434476 0.897489
vt 0.470385 0.988097
vt 0.447333 0.898592
vt 0.455669 0.874641
vt 0.465693 0.859390
vt 0.442586 0.869255
vt 0.452015 0.850188
vt 0.434586 0.884136
vt 0.430161 0.870225
vt 0.422040 0.898535
vt 0.404852 0.891320
vt 0.361770 0.836706
vt 0.369629 0.817331
vt 0.379346 0.830419
vt 0.337249 0.814967
vt 0.392474 0.872608
vt 0.423858 0.862026
vt 0.390978 0.837772
vt 0.369776 0.876885
vt 0.369012 0.900307
vt 0.344368 0.883151
vt 0.356723 0.903901
vt 0.347078 0.744136
vt 0.330366 0.733069
vt 0.372279 0.700687
vt 0.384226 0.688340
vt 0.401113 0.670906
vt 0.412559 0.646563
vt 0.327052 0.895867
vt 0.333493 0.915453
vt 0.327438 0.920652
vt 0.338421 0.890797
vt 0.345141 0.909536
vt 0.328612 0.935224
vt 0.339307 0.912962
vt 0.403302 0.971115
vt 0.432095 0.980923
vt 0.715486 0.277290
vt 0.899210 0.968211
vt 0.713178 0.247754
vt 0.863995 0.516076
vt 0.915395 0.527376
vt 0.902691 0.544983
vt 0.919840 0.543940
vt 0.932793 0.555151
vt 0.922313 0.553980
vt 0.796291 0.219798
vt 0.797364 0.240107
vt 0.714709 0.309777
vt 0.782367 0.364674
vt 0.823431 0.925692
vt 0.817004 0.221101
vt 0.823641 0.240486
vt 0.812708 0.249260
vt 0.817839 0.208677
vt 0.829494 0.278592
vt 0.470400 0.966242
vt 0.389041 0.850188
vt 0.384882 0.657759
vt 0.327052 0.717974
s 1
usemtl stones
f 641/744/592 643/745/593 633/746/594
f 592/747/595 593/748/596 605/749/597
f 636/750/598 679/751/599 638/752/600
f 636/750/598 592/747/595 635/753/601
f 636/750/598 635/753/601 679/751/599
f 694/754/602 696/755/603 608/756/604
f 646/757/605 594/758/606 701/759/607
f 593/760/596 644/761/608 641/744/592
f 641/744/592 654/762/609 643/745/593
f 642/763/610 645/764/611 644/761/608
f 641/744/592 597/765/612 654/762/609
f 646/757/605 647/766/613 640/767/614
f 640/767/614 647/766/613 645/764/611
f 650/768/615 699/769/616 706/770/617
f 649/771/618 645/764/611 647/766/613
f 640/767/614 645/764/611 642/763/610
f 597/765/612 648/772/619 655/773/620
f 598/774/621 649/771/618 650/768/615
f 598/774/621 648/772/619 649/771/618
f 707/775/622 650/768/615 706/770/617
f 648/772/619 651/776/623 655/773/620
f 598/774/621 651/776/623 648/772/619
f 650/768/615 652/777/624 598/774/621
f 657/778/625 598/774/621 652/777/624
f 719/779/626 656/780/627 657/778/625
f 651/776/623 657/778/625 655/773/620
f 660/781/628 658/782/629 599/783/630
f 658/782/629 600/784/631 599/783/630
f 658/782/629 659/785/632 600/784/631
f 659/785/632 658/782/629 719/779/626
f 656/780/627 655/773/620 657/778/625
f 600/784/631 612/786/633 613/787/634
f 653/788/635 662/789/636 596/790/637
f 662/789/636 653/788/635 602/791/638
f 602/791/638 653/788/635 660/792/628
f 660/792/628 664/793/639 602/791/638
f 613/794/634 663/795/640 600/796/631
f 602/791/638 603/797/641 662/789/636
f 662/789/636 603/797/641 661/798/642
f 664/793/639 670/799/643 602/791/638
f 665/800/644 669/801/645 670/799/643
f 666/802/646 668/803/647 613/794/634
f 666/802/646 667/804/648 668/803/647
f 613/794/634 668/803/647 663/795/640
f 668/803/647 665/800/644 663/795/640
f 663/795/640 665/800/644 664/793/639
f 667/805/648 739/806/649 742/807/650
f 665/800/644 668/803/647 669/801/645
f 670/799/643 669/801/645 672/808/651
f 671/809/652 604/810/653 670/799/643
f 674/811/654 671/812/652 672/813/651
f 676/814/655 667/815/648 743/816/656
f 603/797/641 605/817/597 601/818/657
f 604/810/653 605/817/597 603/797/641
f 671/812/652 673/819/658 604/820/653
f 674/811/654 673/819/658 671/812/652
f 675/821/659 676/814/655 743/816/656
f 678/822/660 676/814/655 675/821/659
f 678/822/660 674/811/654 676/814/655
f 676/814/655 674/811/654 672/813/651
f 677/823/661 674/811/654 678/822/660
f 606/824/662 673/819/658 674/811/654
f 678/822/660 675/821/659 680/825/663
f 678/822/660 680/825/663 679/751/599
f 679/751/599 680/825/663 681/826/664
f 607/827/665 679/751/599 681/826/664
f 681/826/664 691/828/666 683/829/667
f 681/826/664 684/830/668 691/828/666
f 681/826/664 680/825/663 684/830/668
f 686/831/669 675/821/659 685/832/670
f 607/827/665 683/829/667 682/833/671
f 607/827/665 681/826/664 683/829/667
f 684/830/668 688/834/672 692/835/673
f 689/836/674 686/831/669 685/832/670
f 745/837/675 687/838/676 685/832/670
f 693/839/677 694/754/602 608/756/604
f 703/840/678 694/754/602 695/841/679
f 695/841/679 694/754/602 609/842/680
f 703/843/678 697/844/681 696/845/603
f 700/846/682 709/847/683 699/769/616
f 710/848/684 705/849/685 706/770/617
f 714/850/686 707/775/622 705/849/685
f 707/775/622 652/777/624 650/768/615
f 699/769/616 713/851/687 710/848/684
f 699/769/616 709/847/683 713/851/687
f 710/852/684 713/853/687 711/854/688
f 621/855/689 765/856/690 713/853/687
f 705/857/685 710/852/684 711/854/688
f 708/858/691 714/850/686 715/859/692
f 623/860/693 716/861/694 715/859/692
f 715/859/692 716/861/694 708/858/691
f 720/862/695 611/863/696 719/864/626
f 719/864/626 718/865/697 720/862/695
f 775/866/698 718/865/697 716/867/694
f 659/868/632 725/869/699 612/870/633
f 659/868/632 611/863/696 725/869/699
f 611/863/696 610/871/700 725/869/699
f 612/870/633 727/872/701 613/873/634
f 610/871/700 721/874/702 725/869/699
f 611/863/696 720/862/695 610/871/700
f 720/862/695 721/874/702 610/871/700
f 722/875/703 624/876/704 776/877/705
f 724/878/706 723/879/707 722/875/703
f 720/862/695 724/878/706 721/874/702
f 725/869/699 726/880/708 727/872/701
f 728/881/709 724/878/706 722/875/703
f 613/873/634 727/872/701 738/882/710
f 738/882/710 727/872/701 729/883/711
f 615/884/712 726/880/708 728/881/709
f 726/880/708 615/884/712 729/883/711
f 729/883/711 614/885/713 738/882/710
f 615/884/712 614/885/713 729/883/711
f 789/886/714 731/887/715 730/888/716
f 777/889/717 731/887/715 789/886/714
f 735/890/718 615/884/712 732/891/719
f 732/891/719 731/887/715 777/889/717
f 734/892/720 736/893/721 735/890/718
f 781/894/722 736/893/721 737/895/723
f 737/895/723 736/893/721 734/892/720
f 733/896/724 780/897/725 779/898/726
f 738/899/710 666/802/646 613/794/634
f 739/900/649 666/802/646 738/899/710
f 739/806/649 738/882/710 781/894/722
f 740/901/727 741/902/728 784/903/729
f 741/902/728 739/806/649 781/894/722
f 744/904/730 742/905/650 626/906/731
f 743/816/656 742/905/650 744/904/730
f 744/904/730 745/837/675 743/816/656
f 626/906/731 616/907/732 744/904/730
f 746/908/733 616/907/732 626/906/731
f 748/909/734 749/910/735 747/911/736
f 687/838/676 749/910/735 689/836/674
f 749/910/735 751/912/737 689/836/674
f 751/912/737 753/913/738 690/914/739
f 755/915/740 753/913/738 751/912/737
f 749/910/735 748/909/734 617/916/741
f 750/917/742 758/918/743 693/839/677
f 750/917/742 757/919/744 758/918/743
f 690/914/739 754/920/745 752/921/746
f 690/914/739 753/913/738 754/920/745
f 689/836/674 751/912/737 690/914/739
f 748/922/734 782/923/747 625/924/748
f 688/834/672 690/914/739 752/921/746
f 691/828/666 692/835/673 750/917/742
f 747/911/736 687/838/676 616/907/732
f 609/842/680 693/839/677 758/918/743
f 755/925/740 618/926/749 754/927/745
f 618/926/749 755/925/740 756/928/750
f 756/929/750 755/915/740 751/912/737
f 761/930/751 764/931/752 609/932/680
f 761/930/751 760/933/753 764/931/752
f 630/934/754 762/935/755 791/936/756
f 630/934/754 761/930/751 762/935/755
f 761/930/751 759/937/757 762/935/755
f 763/938/758 760/933/753 632/939/759
f 760/933/753 763/938/758 764/931/752
f 764/931/752 695/940/679 609/932/680
f 620/941/760 769/942/761 765/856/690
f 695/940/679 764/931/752 704/943/762
f 765/856/690 712/944/763 713/853/687
f 767/945/764 714/946/686 705/857/685
f 768/947/765 623/948/693 714/946/686
f 768/947/765 766/949/766 622/950/767
f 765/856/690 769/942/761 712/944/763
f 631/951/768 632/939/759 770/952/769
f 770/952/769 632/939/759 630/934/754
f 772/953/770 773/954/771 774/955/772
f 772/953/770 771/956/773 773/954/771
f 770/952/769 771/957/773 772/958/770
f 773/954/771 771/956/773 624/876/704
f 717/959/774 772/953/770 774/955/772
f 717/959/774 774/955/772 775/866/698
f 776/960/705 629/961/775 730/962/716
f 730/962/716 629/961/775 788/963/776
f 733/896/724 779/898/726 625/924/748
f 780/897/725 778/964/777 790/965/778
f 734/892/720 783/966/779 786/967/780
f 781/894/722 785/968/781 741/902/728
f 737/895/723 786/967/780 785/968/781
f 782/923/747 733/896/724 625/924/748
f 784/903/729 785/968/781 626/969/731
f 786/967/780 782/923/747 748/922/734
f 786/967/780 783/966/779 782/923/747
f 777/970/717 627/971/782 790/972/778
f 730/962/716 788/963/776 789/973/714
f 789/973/714 787/974/783 777/970/717
f 617/975/741 790/972/778 627/971/782
f 627/971/782 628/976/784 617/975/741
f 618/926/749 756/928/750 787/974/783
f 618/926/749 791/936/756 754/927/745
f 629/961/775 791/936/756 788/963/776
f 757/977/744 754/927/745 762/935/755
f 757/977/744 759/937/757 758/978/743
f 791/936/756 762/935/755 754/927/745
f 757/977/744 762/935/755 759/937/757
f 763/938/758 632/939/759 631/951/768
f 596/979/637 633/746/594 643/745/593
f 601/818/657 596/790/637 661/798/642
f 633/980/594 596/790/637 601/818/657
f 641/744/592 633/746/594 605/981/597
f 592/747/595 605/749/597 606/824/662
f 606/824/662 605/749/597 634/982/785
f 601/818/657 605/817/597 633/980/594
f 635/753/601 606/824/662 677/823/661
f 606/824/662 635/753/601 592/747/595
f 677/823/661 679/751/599 635/753/601
f 638/752/600 679/751/599 637/983/786
f 605/981/597 593/760/596 641/744/592
f 592/747/595 636/750/598 593/748/596
f 607/827/665 682/833/671 637/983/786
f 636/750/598 638/752/600 640/984/614
f 636/750/598 640/984/614 593/748/596
f 640/984/614 638/752/600 639/985/787
f 608/756/604 696/755/603 683/829/667
f 683/829/667 696/755/603 682/833/671
f 637/983/786 682/833/671 639/985/787
f 637/983/786 639/985/787 638/752/600
f 701/986/607 594/987/606 682/833/671
f 594/987/606 640/984/614 639/985/787
f 595/988/788 701/759/607 696/845/603
f 682/833/671 594/987/606 639/985/787
f 696/755/603 701/986/607 682/833/671
f 644/761/608 593/760/596 642/763/610
f 640/767/614 642/763/610 593/760/596
f 641/744/592 644/761/608 597/765/612
f 644/761/608 645/764/611 597/765/612
f 702/989/789 700/846/682 646/757/605
f 700/846/682 699/769/616 646/757/605
f 646/757/605 699/769/616 650/768/615
f 594/758/606 646/757/605 640/767/614
f 649/771/618 646/757/605 650/768/615
f 648/772/619 645/764/611 649/771/618
f 649/771/618 647/766/613 646/757/605
f 645/764/611 648/772/619 597/765/612
f 597/765/612 655/773/620 654/762/609
f 654/762/609 653/990/635 596/979/637
f 654/762/609 655/773/620 656/780/627
f 654/762/609 656/780/627 653/990/635
f 653/990/635 656/780/627 660/781/628
f 708/858/691 716/861/694 652/777/624
f 719/779/626 657/778/625 718/991/697
f 716/861/694 657/778/625 652/777/624
f 719/779/626 658/782/629 656/780/627
f 657/778/625 651/776/623 598/774/621
f 658/782/629 660/781/628 656/780/627
f 654/762/609 596/979/637 643/745/593
f 657/778/625 716/861/694 718/991/697
f 612/786/633 600/784/631 659/785/632
f 596/790/637 662/789/636 661/798/642
f 664/793/639 660/792/628 599/992/630
f 600/796/631 663/795/640 599/992/630
f 599/992/630 663/795/640 664/793/639
f 602/791/638 670/799/643 603/797/641
f 664/793/639 665/800/644 670/799/643
f 669/801/645 668/803/647 667/804/648
f 667/804/648 666/802/646 739/900/649
f 672/808/651 669/801/645 667/804/648
f 671/809/652 670/799/643 672/808/651
f 601/818/657 661/798/642 603/797/641
f 604/810/653 603/797/641 670/799/643
f 667/815/648 742/905/650 743/816/656
f 667/815/648 676/814/655 672/813/651
f 604/820/653 634/982/785 605/749/597
f 604/820/653 673/819/658 634/982/785
f 634/982/785 673/819/658 606/824/662
f 679/751/599 677/823/661 678/822/660
f 674/811/654 677/823/661 606/824/662
f 685/832/670 675/821/659 743/816/656
f 686/831/669 680/825/663 675/821/659
f 637/983/786 679/751/599 607/827/665
f 680/825/663 686/831/669 684/830/668
f 684/830/668 692/835/673 691/828/666
f 684/830/668 686/831/669 688/834/672
f 743/816/656 745/837/675 685/832/670
f 689/836/674 690/914/739 686/831/669
f 690/914/739 688/834/672 686/831/669
f 687/838/676 689/836/674 685/832/670
f 616/907/732 687/838/676 745/837/675
f 683/829/667 691/828/666 608/756/604
f 691/828/666 693/839/677 608/756/604
f 609/842/680 694/754/602 693/839/677
f 696/755/603 694/754/602 703/840/678
f 696/845/603 697/844/681 595/988/788
f 704/993/762 619/994/790 697/844/681
f 697/844/681 619/994/790 698/995/791
f 619/994/790 709/847/683 698/995/791
f 700/846/682 698/995/791 709/847/683
f 697/844/681 698/995/791 595/988/788
f 698/995/791 702/989/789 595/988/788
f 702/989/789 698/995/791 700/846/682
f 701/759/607 595/988/788 702/989/789
f 646/757/605 701/759/607 702/989/789
f 697/844/681 703/843/678 704/993/762
f 704/993/762 703/843/678 695/996/679
f 706/770/617 705/849/685 707/775/622
f 714/850/686 708/858/691 707/775/622
f 707/775/622 708/858/691 652/777/624
f 706/770/617 699/769/616 710/848/684
f 713/851/687 709/847/683 621/997/689
f 620/941/760 621/855/689 619/998/790
f 619/994/790 621/997/689 709/847/683
f 711/854/688 713/853/687 712/944/763
f 765/856/690 621/855/689 620/941/760
f 623/860/693 715/859/692 714/850/686
f 717/959/774 775/866/698 716/867/694
f 623/999/693 717/959/774 716/867/694
f 775/866/698 720/862/695 718/865/697
f 659/868/632 719/864/626 611/863/696
f 612/870/633 725/869/699 727/872/701
f 725/869/699 721/874/702 726/880/708
f 775/866/698 773/954/771 723/879/707
f 775/866/698 723/879/707 720/862/695
f 720/862/695 723/879/707 724/878/706
f 624/876/704 722/875/703 723/879/707
f 727/872/701 726/880/708 729/883/711
f 728/881/709 721/874/702 724/878/706
f 728/881/709 726/880/708 721/874/702
f 730/888/716 722/875/703 776/877/705
f 731/887/715 728/881/709 722/875/703
f 728/881/709 731/887/715 615/884/712
f 615/884/712 731/887/715 732/891/719
f 730/888/716 731/887/715 722/875/703
f 780/897/725 732/891/719 778/964/777
f 777/889/717 778/964/777 732/891/719
f 614/885/713 615/884/712 736/893/721
f 614/885/713 736/893/721 738/882/710
f 734/892/720 735/890/718 733/896/724
f 733/896/724 735/890/718 732/891/719
f 735/890/718 736/893/721 615/884/712
f 781/894/722 738/882/710 736/893/721
f 780/897/725 733/896/724 732/891/719
f 742/807/650 739/806/649 740/901/727
f 740/901/727 739/806/649 741/902/728
f 740/901/727 784/903/729 742/807/650
f 742/807/650 784/903/729 626/969/731
f 744/904/730 616/907/732 745/837/675
f 616/907/732 746/908/733 747/911/736
f 747/911/736 746/908/733 748/909/734
f 687/838/676 747/911/736 749/910/735
f 617/916/741 756/929/750 749/910/735
f 756/929/750 751/912/737 749/910/735
f 750/917/742 752/921/746 757/919/744
f 754/920/745 753/913/738 755/915/740
f 757/919/744 752/921/746 754/920/745
f 750/917/742 692/835/673 752/921/746
f 692/835/673 688/834/672 752/921/746
f 693/839/677 691/828/666 750/917/742
f 758/978/743 761/930/751 609/932/680
f 629/961/775 630/934/754 791/936/756
f 632/939/759 760/933/753 761/930/751
f 632/939/759 761/930/751 630/934/754
f 769/942/761 620/941/760 763/938/758
f 620/941/760 764/931/752 763/938/758
f 758/978/743 759/937/757 761/930/751
f 619/998/790 704/943/762 764/931/752
f 619/998/790 764/931/752 620/941/760
f 705/857/685 711/854/688 767/945/764
f 767/945/764 766/949/766 768/947/765
f 769/942/761 631/951/768 766/949/766
f 712/944/763 769/942/761 711/854/688
f 711/854/688 769/942/761 766/949/766
f 711/854/688 766/949/766 767/945/764
f 766/949/766 631/951/768 770/952/769
f 771/957/773 770/952/769 630/934/754
f 622/950/767 766/949/766 770/952/769
f 767/945/764 768/947/765 714/946/686
f 772/958/770 622/950/767 770/952/769
f 717/959/774 623/999/693 772/953/770
f 772/958/770 623/948/693 768/947/765
f 772/958/770 768/947/765 622/950/767
f 769/942/761 763/938/758 631/951/768
f 630/934/754 776/960/705 771/957/773
f 776/877/705 624/876/704 771/956/773
f 723/879/707 773/954/771 624/876/704
f 775/866/698 774/955/772 773/954/771
f 776/960/705 630/934/754 629/961/775
f 777/889/717 790/965/778 778/964/777
f 625/924/748 779/898/726 780/897/725
f 737/895/723 734/892/720 786/967/780
f 781/894/722 737/895/723 785/968/781
f 782/923/747 783/966/779 733/896/724
f 733/896/724 783/966/779 734/892/720
f 784/903/729 741/902/728 785/968/781
f 626/969/731 785/968/781 746/1000/733
f 746/1000/733 785/968/781 748/922/734
f 748/922/734 785/968/781 786/967/780
f 777/970/717 628/976/784 627/971/782
f 777/970/717 787/974/783 628/976/784
f 788/963/776 787/974/783 789/973/714
f 625/924/748 780/897/725 790/965/778
f 617/975/741 628/976/784 756/928/750
f 628/976/784 787/974/783 756/928/750
f 788/963/776 791/936/756 618/926/749
f 787/974/783 788/963/776 618/926/749
f 617/1001/741 625/924/748 790/965/778
f 617/1001/741 748/922/734 625/924/748
o stone4
v 90.927734 14.628945 -76.568794
v 190.292236 -16.765141 -76.251678
v 131.940201 -33.046757 -82.482468
v 192.177658 -51.606525 -65.029152
v 197.395035 -52.754265 -58.613457
v 216.889816 -51.015038 -56.581093
v 72.236404 38.695381 -41.260441
v 122.084770 50.357109 -23.262577
v 162.441299 49.935909 -37.590183
v 203.983597 48.255085 -39.411842
v 301.251312 34.533199 -27.200874
v 283.026184 10.903186 -37.604443
v 224.812073 -20.822447 -72.230270
v 26.139652 -6.293977 8.742916
v 137.984222 -48.693920 -28.065544
v 28.960932 -8.201386 -3.232784
v 202.706406 -56.859928 14.163445
v 81.128845 38.842880 4.694870
v 260.326813 44.907413 47.630367
v 44.814789 49.092785 -16.425257
v 167.762558 59.494328 -20.660534
v 260.151001 49.013405 25.486279
v 271.000397 50.508095 58.257423
v 242.832703 40.669724 80.571976
v 259.794769 41.199814 69.081131
v 313.296967 25.244835 -22.893728
v 302.480713 31.016359 0.529032
v 305.606262 4.907903 -13.613505
v 109.661842 -23.302790 42.835060
v 154.583099 -48.016960 53.853409
v 29.776489 2.026766 18.612358
v 12.612700 22.903439 9.382732
v 271.244629 -42.364971 1.621649
v 160.424011 25.243298 90.695175
v 96.354057 9.053164 57.130222
v 170.761414 -4.763498 88.334816
v 228.965118 36.324345 77.124413
v 205.688293 -45.499420 87.152710
v 278.083710 -10.850150 31.882742
v 304.469788 17.445534 -3.741673
v 104.120209 -21.311388 -74.787392
v 92.847519 -6.417199 -79.259888
v 73.298302 -3.787677 -69.943558
v 37.405159 13.009587 -55.590778
v 58.922352 -5.560183 -58.970409
v 48.000645 25.702827 -61.585735
v 118.920158 14.185913 -92.342422
v 111.105774 31.948364 -53.980045
v 67.132217 13.994672 -69.114120
v 255.529099 30.660984 -46.645592
v 227.260849 45.948391 -39.210667
v 200.369507 30.673304 -59.910667
v 157.125443 38.101433 -61.017956
v 175.808334 16.467453 -76.915855
v 163.945679 -8.341502 -85.949524
v 199.042557 7.204999 -64.439598
v 277.279297 21.990480 -43.654270
v 253.124619 19.773514 -60.029556
v 221.809860 6.724128 -58.844894
v 148.259232 -5.097395 -91.925415
v 138.555099 10.986836 -88.270874
v 170.649582 -30.876329 -80.469414
v 118.232597 -15.316240 -89.256760
v 138.565613 -24.358625 -89.082222
v 177.786942 -57.348602 -38.632721
v 119.023422 -41.848099 -15.188962
v 136.057373 -41.851593 -54.775787
v 113.705803 -34.193783 -43.253483
v 73.215416 -29.501652 -29.123011
v 72.371880 -26.407698 -52.170204
v 24.588085 -11.516182 -27.077188
v 43.768787 -16.569546 -41.094017
v 20.963837 9.696306 -47.764366
v 196.350021 -22.649748 -76.382568
v 164.853683 -40.009712 -79.388878
v 192.910110 -37.293232 -71.490685
v 174.049301 -46.808422 -68.857124
v 14.807272 27.721664 -44.424946
v 7.029974 4.086252 -13.447766
v 10.258257 1.490376 -24.101635
v 8.154285 8.607409 -33.183723
v 12.116623 35.816242 -23.849545
v 19.027365 39.157516 -52.080452
v 22.707199 48.775822 -31.939066
v 95.593773 45.673664 -18.216270
v 74.493935 41.848583 -14.208600
v 112.298080 55.367218 -5.716725
v 43.657970 42.360153 -37.504395
v 197.359406 55.711514 -30.345657
v 271.322723 45.741695 0.794183
v 240.113113 44.109154 -20.473843
v 224.516510 53.956318 -13.810931
v 277.600220 48.222107 36.710262
v 284.321411 42.526348 -18.660254
v 287.705566 39.875706 3.505307
v 295.788055 30.708153 -35.287086
v 246.287155 2.281517 -60.838680
v 229.914215 -11.387684 -76.569778
v 242.175873 -38.145931 -53.261875
v 234.777863 -33.043308 -63.074829
v 213.792511 -34.832050 -64.957329
v 152.486542 -52.578209 -30.917608
v 79.437317 -29.076672 -6.341547
v 50.745213 -13.798867 -4.412794
v 13.403583 2.954840 2.768347
v 9.058666 30.933901 -7.685385
v 220.713852 -59.151123 -8.900969
v 200.779266 -54.976551 -50.993328
v 245.924789 -40.890648 -41.446568
v 254.122375 -47.327690 -15.212936
v 233.733414 -48.954079 -22.127863
v 31.151628 36.747379 -3.398932
v 62.272274 31.755623 17.436029
v 30.791569 28.740328 16.010386
v 12.000763 32.570969 -14.556310
v 85.271004 23.806677 40.067574
v 112.677765 37.325459 42.616341
v 152.286774 45.933807 54.337406
v 189.868332 35.577850 85.686234
v 160.292511 56.560143 29.489458
v 206.729767 53.322071 49.138950
v 235.634262 44.576397 62.131805
v 199.612961 55.238384 35.583019
v 116.928932 56.263058 15.040636
v 189.632568 61.038544 14.952125
v 237.260895 48.790298 40.202435
v 211.199829 57.019234 22.159716
v 154.355743 60.011948 13.138908
v 169.233734 63.412083 -8.074266
v 254.856018 55.786396 7.391997
v 209.895660 59.068150 -1.843734
v 284.428741 39.605137 36.072723
v 291.280396 36.809662 21.284275
v 273.706940 41.502602 60.226780
v 253.896332 32.858315 75.802162
v 268.050629 31.919897 64.770340
v 264.437439 20.012041 72.622803
v 297.471344 -12.787163 -5.964494
v 293.748413 -21.249222 -2.834288
v 285.161407 -4.303581 -29.101082
v 284.656128 -14.775136 -25.011202
v 265.988953 -38.334595 -28.538401
v 274.526550 -25.438362 -29.097897
v 249.272064 -20.220779 -54.964806
v 182.201508 -55.062752 15.611482
v 148.699982 -51.168148 23.100367
v 128.606552 -47.060230 -9.635399
v 108.908035 -41.009354 -9.779806
v 155.189102 -41.445595 64.979324
v 165.944351 -41.797207 76.728111
v 133.860733 -34.812347 53.636890
v 47.371639 -8.406672 21.561937
v 88.208931 -19.294460 26.856359
v 136.235291 -6.761543 85.944000
v 129.088257 -20.134228 64.212692
v 112.647270 -9.452280 62.969757
v 70.816765 0.311725 36.371311
v 45.536758 17.021696 32.369331
v 87.787315 1.783729 51.460285
v 28.388083 16.314869 20.487453
v 205.979965 -61.082832 63.446129
v 189.248840 -44.670803 82.837303
v 181.169769 -53.666145 62.265144
v 61.912090 19.745842 32.774368
v 248.751450 -51.461704 16.506063
v 234.913452 -50.801849 32.778854
v 260.179901 -47.033768 12.855099
v 219.806885 -53.934700 53.262638
v 228.746674 -45.004581 61.744423
v 280.602539 -40.271835 -12.564045
v 266.086975 -34.032139 20.066830
v 119.909111 5.744694 75.779655
v 134.763794 11.222814 87.133873
v 173.082809 -21.218552 90.683655
v 188.619720 -4.324634 85.323647
v 227.356506 -5.131610 76.536949
v 203.285126 -4.859142 81.447945
v 208.404633 12.202823 75.465271
v 241.120697 24.404465 79.083649
v 229.817719 -20.630184 82.958740
v 281.406433 18.777870 44.631725
v 291.924805 18.966564 24.629784
v 294.635681 4.520160 11.666419
v 234.653595 8.013292 80.064133
v 241.640762 -17.026197 76.784866
v 251.389221 2.390013 75.394699
v 263.782013 -1.380915 60.110466
v 243.484467 -27.341381 61.158581
v 254.769821 -30.243877 37.085545
v 194.265564 -36.078499 88.732300
v 155.504227 -14.081298 90.971169
v 181.217148 -35.220078 90.027550
vn -0.2650 -0.3092 -0.9133
vn -0.1331 0.4244 -0.8956
vn 0.1567 0.3478 -0.9244
vn -0.4559 -0.2517 -0.8537
vn -0.3219 0.5096 -0.7979
vn -0.4627 -0.2942 -0.8362
vn -0.3260 0.2626 -0.9082
vn -0.3937 -0.7351 -0.5520
vn -0.4882 -0.4042 -0.7735
vn -0.5507 -0.3699 -0.7483
vn -0.5443 0.5243 -0.6549
vn -0.3679 -0.2740 -0.8886
vn -0.1306 0.3856 -0.9134
vn -0.9339 0.1165 -0.3382
vn -0.0029 0.8089 -0.5879
vn 0.1602 0.9006 -0.4040
vn -0.1573 0.9074 -0.3897
vn -0.2248 0.8635 -0.4514
vn 0.1775 0.7568 -0.6291
vn 0.3659 0.9049 -0.2172
vn 0.4793 0.3868 -0.7878
vn 0.2312 0.5087 -0.8293
vn 0.2393 0.8525 -0.4647
vn 0.1261 0.8245 -0.5516
vn -0.0773 0.8849 -0.4594
vn 0.3489 0.2282 -0.9090
vn 0.3258 0.3864 -0.8629
vn 0.0825 0.0261 -0.9962
vn 0.3470 -0.0071 -0.9378
vn 0.4412 0.0927 -0.8926
vn 0.1062 0.3678 -0.9238
vn 0.1668 0.4005 -0.9010
vn 0.3710 0.0619 -0.9266
vn -0.0142 -0.3187 -0.9478
vn 0.2350 -0.1970 -0.9518
vn -0.2780 -0.7666 -0.5787
vn -0.2954 -0.9280 -0.2269
vn -0.3252 -0.9153 -0.2377
vn -0.3360 -0.9315 -0.1390
vn -0.2267 -0.9683 -0.1048
vn -0.3065 -0.9198 -0.2450
vn 0.0143 -0.9642 -0.2647
vn -0.0283 -0.8570 -0.5146
vn 0.0066 -0.8419 -0.5396
vn -0.1022 -0.9864 -0.1286
vn -0.3098 -0.9507 -0.0144
vn -0.2793 -0.9219 0.2685
vn -0.4043 -0.9026 0.1480
vn -0.3904 -0.8883 0.2418
vn -0.3129 -0.9495 0.0219
vn -0.3421 -0.8304 -0.4398
vn -0.5367 -0.8296 -0.1538
vn -0.4510 -0.7624 -0.4641
vn -0.9270 -0.2317 -0.2948
vn -0.8670 -0.4754 -0.1496
vn 0.1500 -0.1886 -0.9705
vn 0.2053 0.2019 -0.9577
vn 0.2858 0.1619 -0.9445
vn 0.0730 -0.6376 -0.7669
vn 0.2660 -0.4148 -0.8702
vn 0.2041 -0.4604 -0.8639
vn 0.2956 -0.7904 -0.5366
vn -0.7663 0.6359 0.0911
vn -0.9341 -0.3565 0.0183
vn -0.8528 0.5206 -0.0423
vn -0.7527 0.6514 0.0953
vn -0.4220 0.9026 -0.0857
vn -0.0287 0.9990 -0.0347
vn -0.2319 0.9597 -0.1588
vn -0.2156 0.9456 -0.2435
vn -0.0052 0.9908 0.1351
vn 0.1171 0.9031 -0.4131
vn 0.2221 0.9742 -0.0391
vn 0.2397 0.9483 -0.2080
vn -0.0550 0.9341 -0.3526
vn -0.0129 0.9923 -0.1233
vn -0.0021 0.9116 -0.4112
vn 0.2443 0.9674 -0.0667
vn 0.2957 0.8902 -0.3465
vn 0.1867 0.9729 -0.1360
vn 0.4984 0.8641 0.0696
vn 0.3870 0.9000 0.2008
vn -0.1483 0.9845 0.0937
vn 0.5747 0.8182 0.0176
vn 0.3297 0.8794 -0.3434
vn 0.8257 0.4888 0.2815
vn 0.9123 -0.3765 -0.1609
vn 0.9372 0.0995 -0.3342
vn 0.6507 -0.3012 -0.6971
vn 0.6333 -0.2507 -0.7321
vn 0.5968 -0.2544 -0.7610
vn 0.4388 -0.4179 -0.7955
vn 0.2797 -0.4923 -0.8242
vn 0.5641 -0.6134 -0.5527
vn -0.3019 -0.9524 -0.0419
vn -0.5329 -0.7548 0.3824
vn -0.7501 -0.5025 0.4298
vn 0.1630 -0.9847 -0.0620
vn 0.0125 -0.9998 0.0160
vn 0.0660 -0.9766 -0.2045
vn 0.4379 -0.8392 -0.3225
vn 0.3475 -0.9166 -0.1978
vn 0.2261 -0.9549 -0.1923
vn 0.5181 -0.8087 0.2786
vn 0.6691 -0.7160 -0.1991
vn 0.6458 -0.6701 0.3661
vn 0.3291 -0.9294 0.1672
vn 0.4626 -0.8797 0.1101
vn 0.1345 -0.9527 0.2725
vn -0.3048 0.8461 0.4373
vn -0.5364 0.1711 0.8264
vn -0.3662 0.7133 0.5976
vn -0.2688 0.5234 0.8085
vn -0.1761 0.8368 0.5183
vn -0.2658 0.7571 0.5968
vn -0.5924 0.0488 0.8042
vn -0.7482 0.2742 0.6041
vn -0.2596 0.8942 0.3647
vn -0.3975 0.7575 0.5179
vn -0.1475 0.4189 0.8960
vn -0.1987 0.8715 0.4483
vn -0.0620 0.9493 0.3081
vn -0.0125 0.9770 0.2131
vn 0.0464 0.9565 0.2880
vn 0.1049 0.5221 0.8464
vn -0.0998 0.5047 0.8575
vn -0.0848 0.9852 0.1488
vn -0.2905 0.9238 0.2493
vn 0.0424 0.9563 0.2894
vn 0.1952 0.9743 0.1121
vn 0.3455 0.6762 0.6507
vn 0.2713 0.8770 0.3966
vn 0.0560 0.9877 0.1463
vn 0.0409 0.5693 0.8211
vn 0.1253 0.9763 0.1767
vn 0.8611 -0.1122 0.4959
vn 0.7794 0.5625 0.2761
vn 0.8762 0.3609 0.3193
vn 0.7404 0.0888 0.6662
vn 0.8049 0.0974 0.5854
vn 0.6360 -0.0559 0.7697
vn 0.4535 0.1163 0.8836
vn 0.0971 -0.0142 0.9952
vn 0.9050 -0.4255 -0.0042
vn 0.7482 -0.4597 0.4784
vn 0.8697 -0.4850 0.0920
vn 0.9121 -0.1148 0.3937
vn 0.6967 -0.4164 -0.5841
vn 0.4746 -0.6665 -0.5749
vn 0.6661 -0.3993 -0.6299
vn -0.4025 -0.8683 0.2897
vn -0.2820 -0.9523 0.1169
vn -0.2520 -0.9275 0.2762
vn -0.1194 -0.9928 0.0129
vn -0.5121 -0.7436 0.4299
vn -0.4214 -0.7971 0.4325
vn -0.3813 -0.7078 0.5947
vn -0.4857 -0.7600 0.4319
vn -0.4555 -0.4091 0.7907
vn -0.3437 -0.7434 0.5738
vn -0.5597 -0.5099 0.6533
vn -0.4818 -0.3408 0.8073
vn -0.4974 -0.6269 0.5996
vn -0.6492 -0.0324 0.7599
vn -0.6535 -0.3308 0.6808
vn -0.3331 0.2203 0.9168
vn -0.5685 -0.2540 0.7825
vn -0.5385 -0.6340 0.5550
vn 0.3885 -0.8888 0.2433
vn 0.6609 -0.5388 0.5224
vn 0.6337 -0.6368 0.4393
vn 0.6215 -0.6633 0.4168
vn -0.4168 0.2573 0.8718
vn -0.1755 -0.2035 0.9632
vn 0.1040 0.0721 0.9920
vn -0.0380 -0.1032 0.9939
vn 0.0882 -0.1444 0.9856
vn 0.2404 0.0899 0.9665
vn 0.1795 0.0097 0.9837
vn 0.2042 0.2270 0.9523
vn -0.2467 0.2009 0.9480
vn 0.3704 -0.1561 0.9157
vn 0.1817 -0.5128 0.8390
vn 0.0105 -0.0120 0.9999
vn 0.8907 -0.0623 0.4503
vn 0.8681 -0.2573 0.4245
vn 0.4895 -0.2420 0.8378
vn 0.6242 -0.3830 0.6810
vn 0.6794 -0.5532 0.4820
vn 0.7184 -0.4138 0.5591
vn -0.1686 -0.3736 0.9122
vn -0.1753 -0.7533 0.6339
vt 0.148832 0.516387
vt 0.169940 0.494205
vt 0.182728 0.514294
vt 0.130548 0.495491
vt 0.138271 0.473007
vt 0.111843 0.484252
vt 0.109669 0.463665
vt 0.129840 0.514136
vt 0.094383 0.483133
vt 0.060506 0.470576
vt 0.048221 0.446691
vt 0.074702 0.464713
vt 0.085586 0.449293
vt 0.047813 0.460899
vt 0.683884 0.492426
vt 0.720679 0.517935
vt 0.687177 0.508853
vt 0.722821 0.420214
vt 0.699864 0.428737
vt 0.706896 0.402254
vt 0.747547 0.484318
vt 0.717041 0.480006
vt 0.745229 0.596937
vt 0.776693 0.611933
vt 0.765209 0.626591
vt 0.724749 0.553384
vt 0.750517 0.569349
vt 0.746933 0.551002
vt 0.742161 0.518391
vt 0.706211 0.560049
vt 0.702680 0.537359
vt 0.205564 0.549560
vt 0.174129 0.532145
vt 0.178275 0.546854
vt 0.749511 0.617009
vt 0.714063 0.577525
vt 0.730582 0.600553
vt 0.202713 0.619951
vt 0.207461 0.599292
vt 0.218130 0.629926
vt 0.155237 0.534346
vt 0.162980 0.560872
vt 0.144937 0.535469
vt 0.110448 0.537565
vt 0.127150 0.550178
vt 0.110225 0.562770
vt 0.117618 0.571277
vt 0.094064 0.554410
vt 0.150113 0.589501
vt 0.149903 0.570910
vt 0.152624 0.584401
vt 0.131360 0.584560
vt 0.082870 0.517651
vt 0.056680 0.512792
vt 0.048504 0.501096
vt 0.070600 0.531223
vt 0.086120 0.550347
vt 0.096711 0.505456
vt 0.058838 0.489698
vt 0.074887 0.492655
vt 0.049682 0.477183
vt 0.048974 0.483845
vt 0.176432 0.579699
vt 0.180829 0.573397
vt 0.186366 0.603725
vt 0.154477 0.559474
vt 0.163116 0.580779
vt 0.167087 0.596582
vt 0.155338 0.601869
vt 0.030883 0.482485
vt 0.043659 0.487814
vt 0.031182 0.470207
vt 0.029871 0.477351
vt 0.024806 0.452940
vt 0.725533 0.401449
vt 0.747903 0.442337
vt 0.761074 0.474775
vt 0.747490 0.461551
vt 0.740724 0.417322
vt 0.754686 0.543669
vt 0.778368 0.548867
vt 0.771122 0.562799
vt 0.757918 0.519815
vt 0.768052 0.518908
vt 0.723852 0.444796
vt 0.792085 0.582407
vt 0.766526 0.578235
vt 0.789644 0.598413
vt 0.819177 0.597598
vt 0.806948 0.584843
vt 0.824264 0.582155
vt 0.794886 0.612542
vt 0.773070 0.629314
vt 0.795284 0.626801
vt 0.174699 0.685485
vt 0.208355 0.686975
vt 0.187379 0.695894
vt 0.180161 0.662970
vt 0.179711 0.623892
vt 0.196798 0.664623
vt 0.170743 0.610760
vt 0.179135 0.601933
vt 0.165748 0.618529
vt 0.094624 0.563774
vt 0.041736 0.503350
vt 0.039659 0.495123
vt 0.128801 0.620473
vt 0.109171 0.618504
vt 0.146335 0.594151
vt 0.159431 0.625093
vt 0.142468 0.624258
vt 0.145080 0.638373
vt 0.131108 0.651318
vt 0.151929 0.653911
vt 0.141433 0.654023
vt 0.124871 0.645652
vt 0.093240 0.642103
vt 0.083949 0.636557
vt 0.013788 0.483629
vt 0.752155 0.402730
vt 0.012752 0.564135
vt 0.000000 0.542583
vt 0.012205 0.523161
vt 0.001946 0.511563
vt 0.019898 0.497227
vt 0.027442 0.502252
vt 0.030646 0.491986
vt 0.774476 0.425596
vt 0.765686 0.444366
vt 0.798484 0.439657
vt 0.801795 0.464330
vt 0.849910 0.493272
vt 0.815135 0.495509
vt 0.795526 0.506302
vt 0.806228 0.535729
vt 0.817917 0.539431
vt 0.848215 0.519799
vt 0.847134 0.553683
vt 0.781828 0.504438
vt 0.777875 0.475622
vt 0.833605 0.561151
vt 0.797233 0.546667
vt 0.841447 0.581068
vt 0.831690 0.589762
vt 0.788307 0.530936
vt 0.849910 0.565955
vt 0.815562 0.564953
vt 0.121889 0.713905
vt 0.150667 0.729187
vt 0.132904 0.734786
vt 0.096244 0.725478
vt 0.103060 0.736910
vt 0.837005 0.594290
vt 0.090374 0.712032
vt 0.076761 0.722188
vt 0.065637 0.709092
vt 0.160812 0.675669
vt 0.128569 0.684847
vt 0.155175 0.670636
vt 0.171777 0.699412
vt 0.171220 0.660289
vt 0.157903 0.641918
vt 0.166490 0.649232
vt 0.067249 0.606432
vt 0.082524 0.590028
vt 0.074282 0.624100
vt 0.100511 0.606837
vt 0.054121 0.593617
vt 0.047673 0.549251
vt 0.058373 0.622632
vt 0.059674 0.611467
vt 0.026953 0.537201
vt 0.039023 0.517777
vt 0.027652 0.582125
vt 0.023040 0.611348
vt 0.039117 0.594878
vt 0.011541 0.593503
vt 0.034882 0.505971
vt 0.021598 0.513488
vt 0.021160 0.556270
vt 0.047048 0.571584
vt 0.110195 0.644615
vt 0.130042 0.661826
vt 0.115095 0.665420
vt 0.091035 0.651880
vt 0.003782 0.613836
vt 0.033654 0.626116
vt 0.000000 0.648236
vt 0.031709 0.642154
vt 0.045041 0.636351
vt 0.062228 0.643451
vt 0.040462 0.655844
vt 0.010437 0.683790
vt 0.043938 0.680800
vt 0.050217 0.664962
vt 0.046858 0.715351
vt 0.065823 0.677487
vt 0.074878 0.667900
vt 0.071180 0.645765
vt 0.060847 0.727357
vt 0.067213 0.690959
vt 0.143581 0.710434
vt 0.152316 0.693846
vt 0.175186 0.714563
vt 0.084168 0.692833
vt 0.082614 0.674904
vt 0.095025 0.667689
vt 0.101850 0.692910
vt 0.056980 0.636492
vt 0.066192 0.636768
vt 0.692164 0.446455
vt 0.691355 0.466856
vt 0.205195 0.578409
vt 0.809931 0.613672
vt 0.820708 0.605778
vt 0.201887 0.699565
vt 0.210840 0.661969
vt 0.847196 0.469090
vt 0.084119 0.734022
s 1
usemtl stones
f 854/1002/792 838/1003/793 852/1004/794
f 838/1003/793 833/1005/795 792/1006/796
f 792/1006/796 834/1007/797 840/1008/798
f 832/1009/799 833/1005/795 854/1002/792
f 840/1008/798 834/1007/797 836/1010/800
f 864/1011/801 874/1012/802 835/1013/803
f 835/1013/803 837/1014/804 836/1010/800
f 874/1012/802 864/1011/801 869/1015/805
f 838/1016/793 844/1017/806 852/1018/794
f 879/1019/807 837/1020/804 874/1021/802
f 799/1022/808 844/1017/806 839/1023/809
f 841/1024/810 885/1025/811 887/1026/812
f 843/1027/813 842/1028/814 841/1024/810
f 843/1027/813 801/1029/815 842/1028/814
f 843/1027/813 844/1017/806 801/1029/815
f 844/1017/806 800/1030/816 801/1029/815
f 837/1014/804 835/1013/803 874/1012/802
f 843/1027/813 847/1031/817 845/1032/818
f 845/1033/818 851/1034/819 852/1004/794
f 845/1033/818 846/1035/820 851/1034/819
f 841/1024/810 887/1026/812 848/1036/821
f 850/1037/822 841/1024/810 849/1038/823
f 888/1039/824 850/1040/822 849/1041/823
f 854/1002/792 852/1004/794 855/1042/825
f 855/1042/825 846/1035/820 853/1043/826
f 854/1002/792 794/1044/827 832/1009/799
f 794/1044/827 859/1045/828 832/1009/799
f 794/1044/827 858/1046/829 859/1045/828
f 806/1047/830 858/1046/829 893/1048/831
f 806/1047/830 857/1049/832 859/1045/828
f 796/1050/833 868/1051/834 795/1052/835
f 856/1053/836 868/1051/834 796/1050/833
f 859/1045/828 858/1046/829 806/1047/830
f 858/1046/829 868/1051/834 856/1053/836
f 860/1054/837 895/1055/838 807/1056/839
f 860/1054/837 894/1057/840 895/1055/838
f 860/1054/837 939/1058/841 894/1057/840
f 861/1059/842 834/1007/797 832/1009/799
f 861/1059/842 836/1010/800 834/1007/797
f 862/1060/843 863/1061/844 860/1054/837
f 835/1013/803 836/1010/800 863/1061/844
f 864/1011/801 862/1060/843 872/1062/845
f 864/1011/801 863/1061/844 862/1060/843
f 862/1060/843 871/1063/846 872/1062/845
f 834/1007/797 833/1005/795 832/1009/799
f 865/1064/847 793/1065/848 889/1066/849
f 866/1067/850 794/1044/827 855/1042/825
f 868/1051/834 867/1068/851 795/1052/835
f 795/1052/835 892/1069/852 797/1070/853
f 868/1051/834 858/1046/829 794/1044/827
f 897/1071/854 871/1063/846 870/1072/855
f 873/1073/856 872/1062/845 906/1074/857
f 875/1075/858 869/1015/805 872/1062/845
f 874/1021/802 875/1076/858 879/1019/807
f 877/1077/859 878/1078/860 876/1079/861
f 811/1080/862 877/1077/859 879/1019/807
f 880/1081/863 922/1082/864 883/1083/865
f 880/1081/863 812/1084/866 922/1082/864
f 799/1022/808 920/1085/867 812/1084/866
f 876/1079/861 878/1078/860 799/1022/808
f 876/1079/861 799/1022/808 798/1086/868
f 880/1081/863 800/1030/816 812/1084/866
f 880/1081/863 801/1029/815 800/1030/816
f 921/1087/869 882/1088/870 883/1083/865
f 921/1087/869 881/1089/871 882/1088/870
f 883/1083/865 801/1029/815 880/1081/863
f 885/1025/811 881/1089/871 884/1090/872
f 881/1089/871 813/1091/873 810/1092/874
f 887/1026/812 886/1093/875 802/1094/876
f 802/1094/876 886/1093/875 818/1095/877
f 819/1096/878 887/1097/812 817/1098/879
f 931/1099/880 935/1100/881 803/1101/882
f 935/1100/881 891/1102/883 804/1103/884
f 891/1102/883 890/1104/885 797/1070/853
f 891/1102/883 892/1069/852 804/1103/884
f 804/1103/884 892/1069/852 865/1064/847
f 938/1105/886 806/1047/830 893/1048/831
f 857/1049/832 806/1047/830 938/1105/886
f 807/1056/839 805/1106/887 896/1107/888
f 898/1108/889 808/1109/890 899/1110/891
f 900/1111/892 902/1112/893 797/1070/853
f 901/1113/894 902/1112/893 900/1111/892
f 958/1114/895 901/1113/894 961/1115/896
f 958/1114/895 961/1115/896 824/1116/897
f 902/1112/893 898/1108/889 797/1070/853
f 902/1112/893 956/1117/898 898/1108/889
f 958/1114/895 956/1117/898 901/1113/894
f 901/1113/894 956/1117/898 902/1112/893
f 808/1109/890 959/1118/899 952/1119/900
f 873/1073/856 903/1120/901 875/1075/858
f 875/1076/858 903/1121/901 811/1080/862
f 826/1122/902 907/1123/903 955/1124/904
f 907/1123/903 904/1125/905 955/1124/904
f 897/1071/854 905/1126/906 906/1074/857
f 905/1126/906 955/1124/904 903/1120/901
f 951/1127/907 905/1126/906 823/1128/908
f 904/1129/905 809/1130/909 811/1080/862
f 907/1131/903 809/1130/909 904/1129/905
f 907/1131/903 908/1132/910 809/1130/909
f 825/1133/911 909/1134/912 908/1132/910
f 911/1135/913 909/1134/912 914/1136/914
f 909/1134/912 912/1137/915 914/1136/914
f 909/1134/912 910/1138/916 912/1137/915
f 910/1138/916 828/1139/917 912/1137/915
f 911/1135/913 919/1140/918 915/1141/919
f 828/1139/917 913/1142/920 912/1137/915
f 918/1143/921 914/1136/914 912/1137/915
f 810/1092/874 816/1144/922 814/1145/923
f 913/1142/920 816/1144/922 810/1092/874
f 916/1146/924 911/1135/913 914/1136/914
f 816/1144/922 913/1142/920 815/1147/925
f 916/1146/924 919/1140/918 911/1135/913
f 920/1085/867 919/1140/918 916/1146/924
f 915/1141/919 919/1140/918 878/1078/860
f 921/1087/869 883/1083/865 917/1148/926
f 921/1087/869 917/1148/926 813/1091/873
f 810/1092/874 813/1091/873 917/1148/926
f 972/1149/927 924/1150/928 923/1151/929
f 927/1152/930 923/1151/929 925/1153/931
f 925/1154/931 884/1090/872 814/1145/923
f 928/1155/932 926/1156/933 970/1157/934
f 928/1155/932 927/1152/930 926/1156/933
f 929/1158/935 830/1159/936 930/1160/937
f 831/1161/938 819/1096/878 817/1098/879
f 932/1162/939 931/1099/880 819/1096/878
f 933/1163/940 900/1111/892 934/1164/941
f 961/1115/896 934/1164/941 930/1160/937
f 930/1160/937 934/1164/941 932/1162/939
f 932/1162/939 934/1164/941 935/1100/881
f 890/1104/885 935/1100/881 934/1164/941
f 821/1165/942 937/1166/943 954/1167/944
f 954/1167/944 937/1166/943 936/1168/945
f 939/1058/841 942/1169/946 944/1170/947
f 952/1119/900 936/1168/945 808/1109/890
f 941/1171/948 940/1172/949 821/1165/942
f 944/1170/947 948/1173/950 943/1174/951
f 944/1170/947 947/1175/952 948/1173/950
f 941/1171/948 942/1169/946 940/1172/949
f 945/1176/953 947/1175/952 946/1177/954
f 826/1122/902 947/1175/952 963/1178/955
f 822/1179/956 949/1180/957 951/1127/907
f 822/1179/956 943/1174/951 949/1180/957
f 949/1180/957 948/1173/950 955/1124/904
f 955/1124/904 948/1173/950 950/1181/958
f 940/1172/949 942/1169/946 821/1165/942
f 942/1169/946 820/1182/959 944/1170/947
f 949/1180/957 955/1124/904 905/1126/906
f 950/1181/958 826/1122/902 955/1124/904
f 957/1183/960 956/1117/898 958/1114/895
f 930/1160/937 824/1116/897 961/1115/896
f 824/1116/897 962/1184/961 958/1114/895
f 958/1114/895 962/1184/961 980/1185/962
f 957/1183/960 980/1185/962 960/1186/963
f 958/1114/895 980/1185/962 957/1183/960
f 964/1187/964 963/1178/955 945/1176/953
f 982/1188/965 964/1187/964 945/1176/953
f 825/1189/911 964/1187/964 827/1190/966
f 965/1191/967 827/1190/966 982/1188/965
f 827/1190/966 965/1191/967 981/1192/968
f 827/1190/966 966/1193/969 825/1189/911
f 966/1193/969 910/1194/916 825/1189/911
f 910/1194/916 966/1193/969 969/1195/970
f 966/1193/969 968/1196/971 969/1195/970
f 910/1194/916 969/1195/970 828/1197/917
f 967/1198/972 968/1196/971 971/1199/973
f 829/1200/974 966/1193/969 981/1192/968
f 829/1200/974 968/1196/971 966/1193/969
f 967/1198/972 969/1195/970 968/1196/971
f 966/1193/969 827/1190/966 981/1192/968
f 970/1157/934 926/1156/933 815/1201/925
f 975/1202/975 967/1198/972 971/1199/973
f 973/1203/976 972/1149/927 974/1204/977
f 973/1203/976 818/1205/877 924/1150/928
f 970/1157/934 977/1206/978 928/1155/932
f 977/1206/978 976/1207/979 979/1208/980
f 977/1206/978 979/1208/980 978/1209/981
f 928/1155/932 978/1209/981 972/1149/927
f 978/1209/981 830/1159/936 972/1149/927
f 980/1185/962 979/1208/980 960/1186/963
f 960/1186/963 971/1199/973 829/1200/974
f 979/1208/980 971/1199/973 960/1186/963
f 980/1185/962 830/1159/936 979/1208/980
f 983/1210/982 953/1211/983 981/1192/968
f 981/1192/968 953/1211/983 829/1200/974
f 941/1171/948 965/1191/967 982/1188/965
f 854/1002/792 833/1005/795 838/1003/793
f 792/1006/796 833/1005/795 834/1007/797
f 836/1010/800 837/1014/804 840/1008/798
f 837/1020/804 798/1086/868 840/1212/798
f 838/1016/793 792/1213/796 844/1017/806
f 844/1017/806 792/1213/796 839/1023/809
f 845/1032/818 844/1017/806 843/1027/813
f 799/1022/808 792/1213/796 798/1086/868
f 792/1213/796 799/1022/808 839/1023/809
f 798/1086/868 792/1213/796 840/1212/798
f 841/1024/810 842/1028/814 882/1088/870
f 879/1019/807 798/1086/868 837/1020/804
f 845/1033/818 847/1214/817 846/1035/820
f 848/1036/821 849/1038/823 841/1024/810
f 841/1024/810 850/1037/822 843/1027/813
f 850/1037/822 847/1031/817 843/1027/813
f 889/1066/849 793/1065/848 888/1039/824
f 793/1065/848 846/1035/820 847/1214/817
f 888/1039/824 793/1065/848 850/1040/822
f 850/1040/822 793/1065/848 847/1214/817
f 844/1017/806 845/1032/818 852/1018/794
f 865/1064/847 853/1043/826 793/1065/848
f 853/1043/826 846/1035/820 793/1065/848
f 855/1042/825 852/1004/794 851/1034/819
f 855/1042/825 851/1034/819 846/1035/820
f 832/1009/799 859/1045/828 861/1059/842
f 861/1059/842 859/1045/828 860/1054/837
f 893/1048/831 858/1046/829 856/1053/836
f 870/1072/855 862/1060/843 807/1056/839
f 862/1060/843 860/1054/837 807/1056/839
f 863/1061/844 861/1059/842 860/1054/837
f 860/1054/837 857/1049/832 939/1058/841
f 860/1054/837 859/1045/828 857/1049/832
f 870/1072/855 807/1056/839 896/1107/888
f 861/1059/842 863/1061/844 836/1010/800
f 870/1072/855 871/1063/846 862/1060/843
f 864/1011/801 835/1013/803 863/1061/844
f 872/1062/845 869/1015/805 864/1011/801
f 854/1002/792 855/1042/825 794/1044/827
f 855/1042/825 853/1043/826 866/1067/850
f 804/1103/884 865/1064/847 889/1066/849
f 892/1069/852 867/1068/851 865/1064/847
f 867/1068/851 892/1069/852 795/1052/835
f 853/1043/826 865/1064/847 866/1067/850
f 865/1064/847 867/1068/851 866/1067/850
f 796/1050/833 795/1052/835 797/1070/853
f 868/1051/834 866/1067/850 867/1068/851
f 866/1067/850 868/1051/834 794/1044/827
f 906/1074/857 872/1062/845 871/1063/846
f 874/1012/802 869/1015/805 875/1075/858
f 873/1073/856 875/1075/858 872/1062/845
f 811/1080/862 879/1019/807 875/1076/858
f 877/1077/859 876/1079/861 798/1086/868
f 879/1019/807 877/1077/859 798/1086/868
f 799/1022/808 878/1078/860 920/1085/867
f 799/1022/808 812/1084/866 800/1030/816
f 799/1022/808 800/1030/816 844/1017/806
f 841/1024/810 882/1088/870 885/1025/811
f 842/1028/814 801/1029/815 883/1083/865
f 882/1088/870 842/1028/814 883/1083/865
f 885/1025/811 882/1088/870 881/1089/871
f 886/1093/875 885/1025/811 884/1090/872
f 813/1091/873 881/1089/871 921/1087/869
f 884/1090/872 881/1089/871 814/1145/923
f 814/1145/923 881/1089/871 810/1092/874
f 887/1026/812 885/1025/811 886/1093/875
f 924/1215/928 886/1093/875 923/1216/929
f 923/1216/929 886/1093/875 884/1090/872
f 817/1098/879 802/1217/876 818/1205/877
f 924/1215/928 818/1095/877 886/1093/875
f 817/1098/879 887/1097/812 802/1217/876
f 887/1097/812 803/1101/882 848/1218/821
f 888/1039/824 849/1041/823 848/1218/821
f 848/1218/821 803/1101/882 888/1039/824
f 889/1066/849 935/1100/881 804/1103/884
f 889/1066/849 888/1039/824 935/1100/881
f 819/1096/878 803/1101/882 887/1097/812
f 803/1101/882 935/1100/881 888/1039/824
f 890/1104/885 891/1102/883 935/1100/881
f 931/1099/880 803/1101/882 819/1096/878
f 797/1070/853 892/1069/852 891/1102/883
f 796/1050/833 899/1110/891 856/1053/836
f 895/1055/838 894/1057/840 944/1170/947
f 895/1055/838 805/1106/887 807/1056/839
f 796/1050/833 797/1070/853 899/1110/891
f 951/1127/907 896/1107/888 805/1106/887
f 823/1128/908 870/1072/855 896/1107/888
f 897/1071/854 870/1072/855 823/1128/908
f 871/1063/846 897/1071/854 906/1074/857
f 898/1108/889 899/1110/891 797/1070/853
f 856/1053/836 899/1110/891 808/1109/890
f 797/1070/853 890/1104/885 900/1111/892
f 901/1113/894 900/1111/892 933/1163/940
f 961/1115/896 901/1113/894 933/1163/940
f 956/1117/898 957/1183/960 898/1108/889
f 898/1108/889 957/1183/960 808/1109/890
f 808/1109/890 957/1183/960 959/1118/899
f 873/1073/856 906/1074/857 903/1120/901
f 811/1080/862 903/1121/901 904/1129/905
f 903/1120/901 955/1124/904 904/1125/905
f 897/1071/854 823/1128/908 905/1126/906
f 906/1074/857 905/1126/906 903/1120/901
f 825/1133/911 908/1132/910 964/1219/964
f 908/1132/910 907/1131/903 964/1219/964
f 964/1187/964 907/1123/903 963/1178/955
f 963/1178/955 907/1123/903 826/1122/902
f 811/1080/862 809/1130/909 877/1077/859
f 809/1130/909 908/1132/910 915/1141/919
f 908/1132/910 909/1134/912 915/1141/919
f 825/1133/911 910/1138/916 909/1134/912
f 915/1141/919 909/1134/912 911/1135/913
f 828/1139/917 815/1147/925 913/1142/920
f 918/1143/921 916/1146/924 914/1136/914
f 917/1148/926 913/1142/920 810/1092/874
f 917/1148/926 918/1143/921 913/1142/920
f 913/1142/920 918/1143/921 912/1137/915
f 809/1130/909 915/1141/919 877/1077/859
f 877/1077/859 915/1141/919 878/1078/860
f 919/1140/918 920/1085/867 878/1078/860
f 917/1148/926 883/1083/865 918/1143/921
f 918/1143/921 883/1083/865 922/1082/864
f 918/1143/921 922/1082/864 916/1146/924
f 916/1146/924 922/1082/864 920/1085/867
f 922/1082/864 812/1084/866 920/1085/867
f 925/1154/931 923/1216/929 884/1090/872
f 972/1149/927 973/1203/976 924/1150/928
f 927/1152/930 972/1149/927 923/1151/929
f 814/1145/923 816/1144/922 925/1154/931
f 927/1152/930 816/1220/922 926/1156/933
f 815/1201/925 926/1156/933 816/1220/922
f 816/1220/922 927/1152/930 925/1153/931
f 817/1098/879 818/1205/877 831/1161/938
f 819/1096/878 974/1204/977 929/1158/935
f 974/1204/977 819/1096/878 831/1161/938
f 961/1115/896 933/1163/940 934/1164/941
f 930/1160/937 932/1162/939 929/1158/935
f 931/1099/880 932/1162/939 935/1100/881
f 890/1104/885 934/1164/941 900/1111/892
f 929/1158/935 932/1162/939 819/1096/878
f 856/1053/836 808/1109/890 936/1168/945
f 856/1053/836 936/1168/945 893/1048/831
f 936/1168/945 937/1166/943 893/1048/831
f 893/1048/831 937/1166/943 938/1105/886
f 857/1049/832 938/1105/886 939/1058/841
f 895/1055/838 944/1170/947 943/1174/951
f 894/1057/840 939/1058/841 944/1170/947
f 938/1105/886 937/1166/943 939/1058/841
f 939/1058/841 937/1166/943 942/1169/946
f 805/1106/887 895/1055/838 943/1174/951
f 820/1182/959 947/1175/952 944/1170/947
f 820/1182/959 942/1169/946 947/1175/952
f 947/1175/952 950/1181/958 948/1173/950
f 941/1171/948 945/1176/953 946/1177/954
f 942/1169/946 941/1171/948 946/1177/954
f 942/1169/946 946/1177/954 947/1175/952
f 982/1188/965 945/1176/953 941/1171/948
f 965/1191/967 941/1171/948 983/1210/982
f 943/1174/951 822/1179/956 805/1106/887
f 826/1122/902 950/1181/958 947/1175/952
f 963/1178/955 947/1175/952 945/1176/953
f 949/1180/957 943/1174/951 948/1173/950
f 805/1106/887 822/1179/956 951/1127/907
f 896/1107/888 951/1127/907 823/1128/908
f 936/1168/945 952/1119/900 954/1167/944
f 953/1211/983 941/1171/948 954/1167/944
f 941/1171/948 821/1165/942 954/1167/944
f 829/1200/974 953/1211/983 954/1167/944
f 952/1119/900 829/1200/974 954/1167/944
f 937/1166/943 821/1165/942 942/1169/946
f 951/1127/907 949/1180/957 905/1126/906
f 952/1119/900 959/1118/899 960/1186/963
f 960/1186/963 959/1118/899 957/1183/960
f 824/1116/897 930/1160/937 962/1184/961
f 980/1185/962 962/1184/961 930/1160/937
f 952/1119/900 960/1186/963 829/1200/974
f 982/1188/965 827/1190/966 964/1187/964
f 981/1192/968 965/1191/967 983/1210/982
f 829/1200/974 971/1199/973 968/1196/971
f 815/1201/925 828/1197/917 970/1157/934
f 828/1197/917 969/1195/970 975/1202/975
f 975/1202/975 969/1195/970 967/1198/972
f 977/1206/978 970/1157/934 975/1202/975
f 976/1207/979 975/1202/975 971/1199/973
f 828/1197/917 975/1202/975 970/1157/934
f 929/1158/935 974/1204/977 830/1159/936
f 818/1205/877 973/1203/976 831/1161/938
f 973/1203/976 974/1204/977 831/1161/938
f 975/1202/975 976/1207/979 977/1206/978
f 927/1152/930 928/1155/932 972/1149/927
f 928/1155/932 977/1206/978 978/1209/981
f 979/1208/980 976/1207/979 971/1199/973
f 930/1160/937 830/1159/936 980/1185/962
f 830/1159/936 978/1209/981 979/1208/980
f 974/1204/977 972/1149/927 830/1159/936
f 941/1171/948 953/1211/983 983/1210/982
o stone5
v 585.216492 -20.447626 -73.428215
v 557.439026 -4.326041 -80.610283
v 491.982086 15.196723 -71.121742
v 545.748596 8.659118 -77.488281
v 524.637146 5.686726 -73.281754
v 519.915344 18.561008 -72.056808
v 605.554626 4.016744 -76.071419
v 621.713989 -3.461042 -68.859375
v 589.011047 -27.972164 -58.094746
v 545.094055 -31.231148 -46.394203
v 522.648743 -28.118441 -41.461224
v 435.406647 -47.444080 -8.625032
v 463.506989 23.345161 -63.845123
v 459.525116 38.576881 -61.091625
v 477.300201 40.223385 -45.466267
v 491.146271 34.277542 -59.802670
v 512.003113 35.735138 -67.049271
v 598.976562 22.355829 -55.859631
v 571.251770 27.664280 -44.977867
v 625.319092 39.644814 26.143784
v 621.325134 24.061913 20.728678
v 613.513550 22.990114 71.626816
v 585.798523 -34.455475 -11.801147
v 605.622070 9.180019 83.702530
v 496.532684 -52.725822 30.643877
v 487.104614 -44.081818 50.402863
v 502.241364 -11.477761 67.783218
v 525.747559 -36.221252 49.028038
v 431.535065 -42.389847 -1.471073
v 415.630951 -11.366500 -14.302341
v 430.139771 -1.161562 6.032530
v 487.283325 10.629635 68.643196
v 563.954895 50.859619 22.352816
v 560.190918 54.716110 -37.063107
v 563.111633 43.184780 -41.658195
v 593.266602 52.454441 38.520180
v 536.482727 45.160580 62.856377
v 566.634155 35.951981 77.246468
v 548.232117 36.453609 78.896805
v 550.359802 9.157197 76.677597
v 447.929626 -29.266542 39.900898
v 598.064575 -6.132368 -79.288849
v 610.869873 -13.744921 -75.453224
v 605.582214 -19.740234 -63.862263
v 553.349304 -24.221420 -66.191452
v 566.869690 -24.802666 -62.938332
v 469.144714 -45.158772 -36.714024
v 526.543640 -22.162428 -58.900581
v 454.363312 -22.649734 -48.930740
v 488.404419 -26.504072 -56.169476
v 508.488892 -28.861895 -55.047291
v 475.138702 3.299158 -68.178772
v 520.123352 -8.506441 -64.004585
v 500.097992 24.026253 -71.797058
v 511.472504 10.496133 -70.987740
v 576.665771 -3.623699 -84.399948
v 530.382690 18.120424 -70.677925
v 563.386230 8.583505 -74.067131
v 550.586426 17.127483 -73.473724
v 589.878723 4.263000 -77.789215
v 596.674805 9.361304 -71.451340
v 540.234253 21.356813 -70.416931
v 566.117188 22.350956 -68.630730
v 554.991394 22.992241 -62.029816
v 607.866028 16.283619 -66.630928
v 610.525513 16.354448 -54.055035
v 618.928528 1.727987 -69.553902
v 618.052917 42.667953 -10.942734
v 611.767883 23.722847 -42.922974
v 615.227112 17.577915 -31.384663
v 617.192383 12.546089 -42.066833
v 618.857910 10.299152 -60.500137
v 618.737793 -1.174374 -27.684221
v 617.715088 13.996844 -8.842034
v 616.182983 4.682368 -9.607231
v 615.167114 7.846128 35.509941
v 615.292664 8.234319 10.747813
v 618.872070 -19.768255 -46.512852
v 619.597107 -10.673038 -30.484730
v 593.288452 -32.321220 -42.582367
v 603.002197 -32.544586 -30.006510
v 600.063232 -31.194057 -18.761755
v 563.251282 -37.031792 -19.807707
v 545.997498 -48.629299 -3.403068
v 530.223267 -49.714680 2.837028
v 509.675018 -50.068199 22.883896
v 518.540833 -41.346611 -32.100296
v 508.465515 -48.764484 -12.947001
v 463.426819 -47.322277 24.130804
v 494.069061 -50.274002 -6.224422
v 478.434418 -54.280136 3.353420
v 459.601501 -48.936050 -12.911336
v 479.697266 -51.631069 -20.835619
v 444.816956 -40.133030 -31.524185
v 498.895355 -41.887280 -41.029621
v 500.087799 -47.129063 -26.744473
v 430.196472 -34.552933 -19.603054
v 422.293030 -38.159031 -8.122578
v 420.604004 -26.780964 -20.183239
v 434.048645 -24.940493 -32.003326
v 459.616028 -2.066911 -54.977982
v 453.520020 8.853158 -51.803780
v 447.241211 29.990191 -50.355072
v 458.245514 28.616978 -10.118892
v 450.271606 26.298496 -31.186426
v 479.770599 38.221302 30.981115
v 471.287109 30.446323 6.455114
v 484.902954 38.260509 1.897724
v 486.329742 35.290642 -22.123047
v 505.431885 49.642807 -41.076229
v 517.963867 54.154514 -47.112671
v 490.572876 42.716198 -48.713036
v 527.126953 47.355980 -54.774578
v 533.802795 33.975445 -65.073326
v 549.703125 40.569225 -52.810955
v 618.219299 34.753754 -29.002348
v 583.591248 21.539614 -66.302094
v 574.636780 23.082928 -49.977802
v 568.244080 49.520607 -31.821728
v 600.359619 28.361473 -40.042114
v 579.396118 35.311535 -38.019474
v 625.860535 39.723488 -2.564499
v 624.359985 31.934067 14.217194
v 621.525330 25.241869 -14.472476
v 586.529846 49.163715 -26.550562
v 601.438477 36.140308 -26.983637
v 602.782349 46.321259 -17.562767
v 598.387146 53.279346 19.128790
v 602.385254 52.753139 9.449052
v 615.448425 48.532661 15.626558
v 622.566528 30.452923 58.622490
v 615.366943 43.849827 37.809311
v 624.478394 28.923433 42.096855
v 625.528015 18.069361 55.769890
v 615.956543 13.846522 69.359276
v 599.764465 3.095516 64.917023
v 592.764832 -10.678012 56.224506
v 614.936035 -6.945207 0.213268
v 599.398376 -16.418489 7.159696
v 584.956787 -28.421366 21.518875
v 565.226868 -45.502464 22.411049
v 578.387024 -25.264973 43.936436
v 568.847107 -18.936325 72.544655
v 549.022705 -43.927116 33.081669
v 503.620087 -35.601936 53.367867
v 497.137115 -23.577028 59.431873
v 487.678040 -19.966106 60.854523
v 459.163666 -31.545135 43.952110
v 479.290863 -31.546381 51.480221
v 469.339417 -37.298229 38.083984
v 433.334595 -37.445107 13.712987
v 446.462952 -43.598309 19.044260
v 537.916626 -21.701757 62.440937
v 520.192017 -15.488617 63.153427
v 532.460632 8.483653 76.291718
v 414.400543 -31.138432 -12.280009
v 420.110748 -30.122168 -1.869986
v 425.219025 -30.615086 7.299835
v 417.156494 -20.488770 -4.386964
v 424.611420 4.833522 -34.730225
v 442.099945 10.044510 -40.276127
v 419.482269 -1.194616 -24.052885
v 435.445160 -12.100439 -36.596809
v 432.006012 15.388610 -22.420130
v 463.108002 27.030579 30.663809
v 447.048431 17.119377 5.587369
v 449.682343 6.029621 35.599335
v 423.637482 -27.983438 15.555477
v 441.074463 -16.204403 28.992918
v 440.100372 -0.117601 20.905773
v 481.329620 33.700092 64.175888
v 455.305725 -9.575152 43.657856
v 467.269135 -3.613379 55.218346
v 484.627289 -5.548155 62.571926
v 495.434509 36.968063 71.050682
v 511.626434 8.884661 74.945389
v 511.280457 41.260513 79.173737
v 518.457581 22.347784 77.724976
v 523.722717 43.398094 72.630493
v 515.226868 48.026264 14.065586
v 581.382629 54.824657 6.245644
v 531.465332 51.455391 18.850691
v 519.271667 47.241230 -19.351099
v 551.794800 53.482235 -7.157627
v 570.460144 52.990788 -11.717886
v 537.331604 54.606937 -36.660118
v 576.801880 51.096691 -23.286034
v 592.457458 53.545769 -18.419924
v 608.275146 41.304443 57.158863
v 607.000000 37.320812 66.983360
v 614.729187 31.563690 70.742630
v 605.445129 28.312281 84.495201
v 563.955566 48.651630 54.123550
v 587.446716 46.666672 63.637794
v 599.300842 36.826687 75.618355
v 600.583435 22.376472 84.465782
v 593.576782 31.713100 82.705879
v 585.893738 5.372947 83.578697
v 580.452576 10.474257 80.666336
v 566.332336 14.852717 82.059792
v 562.222290 0.093256 80.940857
v 500.897125 -5.964689 68.613403
v 543.318237 21.106356 78.668991
v 583.674194 27.407202 81.199196
v 535.851868 29.888254 80.764091
v 439.758484 -31.543106 24.783003
vn 0.2929 0.3699 -0.8817
vn 0.1620 -0.1010 -0.9816
vn 0.1083 0.5725 -0.8127
vn 0.4509 -0.4751 -0.7556
vn 0.9475 0.0981 -0.3043
vn 0.8191 -0.5676 -0.0828
vn 0.1832 -0.9598 -0.2126
vn 0.3135 -0.8857 -0.3424
vn -0.0206 -0.6414 -0.7669
vn 0.0006 -0.9296 -0.3686
vn -0.1157 -0.7871 -0.6059
vn 0.1359 -0.9155 -0.3786
vn -0.0472 -0.9194 -0.3904
vn 0.0619 -0.7937 -0.6051
vn -0.1172 -0.7300 -0.6733
vn 0.1477 -0.6878 -0.7107
vn 0.0185 -0.0439 -0.9989
vn -0.1759 -0.1220 -0.9768
vn -0.1603 -0.4031 -0.9010
vn -0.1545 0.2253 -0.9620
vn -0.4600 -0.3510 -0.8156
vn -0.1648 -0.8226 -0.5442
vn -0.4239 -0.7075 -0.5654
vn -0.0918 -0.5384 -0.8377
vn 0.1309 -0.8304 -0.5416
vn -0.1113 -0.0857 -0.9901
vn -0.2653 -0.2112 -0.9407
vn -0.1488 -0.2147 -0.9653
vn -0.0898 0.2838 -0.9547
vn -0.4631 -0.0166 -0.8862
vn -0.4634 0.7121 -0.5275
vn -0.1035 -0.2098 -0.9723
vn 0.0144 0.1430 -0.9896
vn 0.0486 0.5905 -0.8056
vn -0.0375 0.7871 -0.6157
vn 0.0336 0.0109 -0.9994
vn 0.0752 0.4357 -0.8969
vn 0.0508 0.6077 -0.7926
vn 0.3965 0.7339 -0.5516
vn 0.0696 0.8051 -0.5891
vn 0.2221 0.5532 -0.8029
vn 0.1113 0.4913 -0.8639
vn -0.0751 0.5793 -0.8116
vn 0.5831 0.7832 -0.2158
vn 0.8437 0.4880 -0.2236
vn 0.2830 0.8930 -0.3498
vn 0.7118 0.5221 -0.4700
vn 0.8972 0.4395 -0.0435
vn 0.9566 -0.2371 -0.1692
vn 0.6629 0.5351 -0.5237
vn 0.9659 0.1815 -0.1844
vn 0.9692 -0.2457 -0.0144
vn 0.9904 0.1115 0.0813
vn 0.7637 0.3635 -0.5335
vn 0.9806 -0.1951 0.0165
vn 0.9955 -0.0622 0.0719
vn 0.8002 -0.5964 0.0636
vn 0.9016 -0.4225 -0.0925
vn 0.9157 -0.3331 0.2248
vn 0.9531 -0.2560 0.1612
vn 0.8557 -0.4850 0.1806
vn 0.3928 -0.9165 0.0750
vn 0.5131 -0.8354 0.1970
vn 0.1999 -0.9615 -0.1886
vn 0.1735 -0.9829 0.0621
vn 0.6309 -0.7567 0.1715
vn 0.3907 -0.9066 0.1597
vn 0.1819 -0.9690 -0.1669
vn 0.0699 -0.9967 -0.0412
vn 0.1288 -0.9140 0.3848
vn 0.1628 -0.9781 0.1295
vn 0.1686 -0.8497 -0.4995
vn 0.1270 -0.9744 -0.1853
vn 0.0839 -0.9646 0.2499
vn -0.0765 -0.9971 0.0026
vn 0.1251 -0.9903 -0.0597
vn -0.0102 -0.9728 -0.2316
vn -0.1773 -0.9751 -0.1329
vn -0.3078 -0.8728 0.3788
vn -0.4013 -0.9091 -0.1114
vn -0.4137 -0.8059 0.4236
vn 0.1489 -0.9436 -0.2957
vn -0.5355 -0.6286 -0.5640
vn -0.6494 -0.7604 -0.0122
vn -0.8907 -0.4248 -0.1619
vn -0.6022 -0.3437 -0.7205
vn -0.5406 -0.1874 -0.8201
vn -0.6172 -0.1082 -0.7793
vn -0.6622 -0.1096 -0.7413
vn -0.7461 0.5561 -0.3661
vn -0.2100 0.9609 0.1804
vn -0.4232 0.8929 0.1534
vn -0.3939 0.9107 0.1243
vn -0.2770 0.9536 0.1177
vn -0.3715 0.9283 -0.0145
vn -0.6626 0.7299 0.1679
vn -0.1499 0.9561 -0.2518
vn -0.3691 0.9292 0.0166
vn 0.1632 0.7594 -0.6298
vn -0.1330 0.9613 -0.2411
vn 0.4137 0.5374 -0.7349
vn 0.3779 0.6584 -0.6509
vn 0.0138 0.9841 -0.1769
vn 0.2699 0.6317 -0.7267
vn 0.2266 0.8027 -0.5516
vn 0.0750 0.9137 -0.3995
vn 0.0588 0.8302 -0.5544
vn 0.2702 0.5932 -0.7584
vn 0.2467 0.7516 -0.6118
vn 0.1490 0.8555 -0.4958
vn 0.4693 0.7392 -0.4831
vn 0.2639 0.8000 -0.5388
vn 0.2491 0.7854 -0.5666
vn 0.9941 0.0936 0.0552
vn 0.8995 0.4265 0.0953
vn 0.8272 0.4201 0.3731
vn 0.9675 -0.2521 -0.0200
vn 0.4796 0.7290 -0.4884
vn 0.4293 0.8496 -0.3065
vn -0.0375 0.9615 -0.2723
vn 0.2720 0.9601 -0.0651
vn 0.4595 0.8878 0.0265
vn 0.1852 0.9798 0.0757
vn 0.4353 0.8417 0.3196
vn 0.4588 0.8557 0.2393
vn 0.7844 -0.0380 0.6191
vn 0.7286 0.4667 0.5013
vn 0.4676 0.1914 0.8630
vn 0.1886 -0.0233 0.9818
vn 0.5738 -0.3505 0.7402
vn 0.7754 -0.4421 0.4509
vn 0.7818 -0.6215 0.0507
vn 0.6449 -0.7156 0.2682
vn 0.5031 -0.7984 0.3307
vn 0.7091 -0.6515 0.2698
vn 0.1381 -0.7198 0.6803
vn -0.1121 -0.6504 0.7513
vn 0.1150 -0.6323 0.7661
vn -0.1682 -0.7077 0.6862
vn 0.0984 -0.7595 0.6430
vn -0.4584 -0.4118 0.7876
vn -0.4099 -0.6934 0.5926
vn -0.6543 -0.4178 0.6304
vn -0.5827 -0.6952 0.4208
vn -0.3137 -0.5898 0.7441
vn -0.6381 -0.3436 0.6891
vn -0.5702 -0.7547 0.3244
vn -0.0777 -0.1297 0.9885
vn -0.0228 -0.4988 0.8664
vn -0.0264 -0.2918 0.9561
vn -0.0979 -0.2553 0.9619
vn -0.1501 -0.2209 0.9637
vn -0.1324 0.0489 0.9900
vn -0.6142 -0.7502 0.2449
vn -0.8359 -0.3994 0.3766
vn -0.9245 0.1166 0.3628
vn -0.9746 0.2234 -0.0160
vn -0.9449 0.2957 -0.1407
vn -0.6504 -0.3482 -0.6751
vn -0.4739 -0.1721 -0.8636
vn -0.7656 0.2160 -0.6060
vn -0.6697 0.6993 0.2497
vn -0.7853 0.4271 0.4482
vn -0.7678 0.5023 0.3978
vn -0.7999 0.3328 0.4994
vn -0.5697 0.5777 0.5846
vn -0.8158 -0.2518 0.5207
vn -0.7268 0.1192 0.6764
vn -0.5749 -0.0712 0.8151
vn -0.4041 -0.0976 0.9095
vn -0.3745 -0.2303 0.8982
vn -0.7558 0.1080 0.6458
vn -0.2914 -0.3385 0.8947
vn -0.4235 0.6003 0.6784
vn -0.1742 -0.1332 0.9757
vn -0.2640 0.5758 0.7738
vn 0.0433 0.9043 0.4248
vn 0.0301 0.9644 0.2626
vn -0.1199 0.9907 0.0646
vn -0.2429 0.9700 0.0035
vn 0.0071 0.9992 -0.0405
vn -0.0645 0.9634 0.2603
vn 0.1926 0.9676 0.1634
vn -0.0839 0.9933 0.0798
vn -0.0467 0.9975 0.0521
vn -0.3940 0.9126 -0.1089
vn -0.2581 0.9609 0.0998
vn 0.0881 0.9941 -0.0633
vn 0.0495 0.9839 -0.1719
vn 0.4221 0.8273 0.3707
vn 0.2403 0.8206 0.5186
vn 0.0446 0.5520 0.8326
vn -0.0142 0.6087 0.7933
vn 0.0998 0.9042 0.4152
vn -0.0591 0.4651 0.8833
vn -0.1122 0.1245 0.9858
vn -0.1288 0.0631 0.9897
vn -0.0628 0.0063 0.9980
vn -0.1761 -0.2696 0.9467
vn -0.0260 -0.1343 0.9906
vn 0.0081 0.0948 0.9955
vn 0.9141 0.3812 -0.1380
vn -0.6862 0.7150 0.1339
vn -0.4123 0.9100 0.0444
vn -0.0767 -0.4823 0.8726
vn -0.1587 -0.2094 0.9649
vt 0.690833 0.810826
vt 0.703126 0.810511
vt 0.702787 0.823087
vt 0.700958 0.797968
vt 0.691949 0.795025
vt 0.699127 0.778342
vt 0.719826 0.777879
vt 0.706403 0.791370
vt 0.718083 0.802372
vt 0.734159 0.799322
vt 0.743520 0.805761
vt 0.719672 0.789828
vt 0.755253 0.790781
vt 0.772924 0.793523
vt 0.767636 0.807521
vt 0.783346 0.803074
vt 0.718169 0.820807
vt 0.734016 0.825181
vt 0.772157 0.821444
vt 0.744501 0.838407
vt 0.821823 0.802532
vt 0.810987 0.787935
vt 0.825530 0.787120
vt 0.798269 0.805633
vt 0.791853 0.789838
vt 0.799402 0.842692
vt 0.811843 0.828970
vt 0.766165 0.837000
vt 0.793676 0.853432
vt 0.827936 0.841220
vt 0.838747 0.853432
vt 0.779870 0.841029
vt 0.771740 0.850155
vt 0.739423 0.848207
vt 0.019936 0.804655
vt 0.006130 0.813647
vt 0.019862 0.776835
vt 0.760475 0.850125
vt 0.725580 0.838593
vt 0.000000 0.894482
vt 0.007957 0.898378
vt 0.004395 0.907409
vt 0.016951 0.904783
vt 0.015565 0.885313
vt 0.000000 0.871508
vt 0.004706 0.859290
vt 0.018487 0.841345
vt 0.007796 0.849086
vt 0.016874 0.823641
vt 0.002720 0.831494
vt 0.003598 0.840683
vt 0.026792 0.907882
vt 0.019997 0.914707
vt 0.025808 0.896666
vt 0.038494 0.906450
vt 0.035288 0.917126
vt 0.061159 0.915170
vt 0.053629 0.904775
vt 0.045773 0.915545
vt 0.062457 0.924662
vt 0.042676 0.932157
vt 0.010712 0.918461
vt 0.076916 0.932702
vt 0.059912 0.931904
vt 0.097117 0.935390
vt 0.086698 0.920729
vt 0.114983 0.925013
vt 0.687910 0.797388
vt 0.692442 0.765374
vt 0.697659 0.737626
vt 0.687791 0.722037
vt 0.699103 0.698068
vt 0.683884 0.743123
vt 0.684351 0.762219
vt 0.714059 0.768010
vt 0.717123 0.759521
vt 0.745836 0.766228
vt 0.729585 0.756401
vt 0.735036 0.729141
vt 0.754514 0.735268
vt 0.763657 0.756456
vt 0.775640 0.754965
vt 0.767812 0.729814
vt 0.793247 0.745035
vt 0.778125 0.782492
vt 0.788120 0.769151
vt 0.803359 0.743173
vt 0.809585 0.762667
vt 0.798511 0.766457
vt 0.805945 0.776948
vt 0.818565 0.774718
vt 0.822667 0.752715
vt 0.831699 0.775224
vt 0.831899 0.758979
vt 0.792272 0.779464
vt 0.835389 0.783382
vt 0.839195 0.777256
vt 0.842882 0.780259
vt 0.834863 0.792334
vt 0.838091 0.800344
vt 0.824078 0.818505
vt 0.833089 0.823227
vt 0.850279 0.836336
vt 0.029380 0.764184
vt 0.034281 0.791648
vt 0.046355 0.764993
vt 0.064668 0.771779
vt 0.055605 0.796826
vt 0.079178 0.782687
vt 0.099717 0.774964
vt 0.032200 0.804037
vt 0.040632 0.816859
vt 0.030718 0.834593
vt 0.037282 0.827329
vt 0.040852 0.862157
vt 0.031102 0.852593
vt 0.046328 0.841014
vt 0.031998 0.872709
vt 0.016531 0.861576
vt 0.027570 0.876357
vt 0.012688 0.871293
vt 0.041220 0.876912
vt 0.051926 0.892978
vt 0.039862 0.895333
vt 0.050836 0.864681
vt 0.048789 0.857462
vt 0.056233 0.878473
vt 0.103374 0.916102
vt 0.091187 0.908633
vt 0.116130 0.913947
vt 0.082393 0.913873
vt 0.061535 0.891148
vt 0.066263 0.901516
vt 0.062719 0.883346
vt 0.080744 0.889374
vt 0.084608 0.898794
vt 0.087976 0.886383
vt 0.115848 0.899411
vt 0.100383 0.901768
vt 0.131049 0.915710
vt 0.127004 0.909085
vt 0.141469 0.904962
vt 0.733594 0.651797
vt 0.715372 0.657133
vt 0.728223 0.645899
vt 0.731738 0.665116
vt 0.715805 0.666648
vt 0.727412 0.680892
vt 0.733918 0.695074
vt 0.745315 0.712033
vt 0.715386 0.734716
vt 0.759162 0.691345
vt 0.782596 0.703372
vt 0.804950 0.723839
vt 0.813380 0.732960
vt 0.788265 0.721178
vt 0.822153 0.729568
vt 0.824519 0.741214
vt 0.841079 0.755920
vt 0.838997 0.764572
vt 0.832840 0.739502
vt 0.839308 0.744730
vt 0.835684 0.772493
vt 0.747453 0.668051
vt 0.798595 0.702743
vt 0.814175 0.704397
vt 0.795503 0.676342
vt 0.767535 0.675297
vt 0.780153 0.670502
vt 0.843405 0.769618
vt 0.843830 0.775040
vt 0.848948 0.777829
vt 0.851575 0.786015
vt 0.853136 0.795675
vt 0.841561 0.785002
vt 0.843537 0.816068
vt 0.851696 0.804347
vt 0.078632 0.758321
vt 0.093803 0.744127
vt 0.080282 0.736910
vt 0.105998 0.754317
vt 0.128141 0.791568
vt 0.869377 0.771580
vt 0.846396 0.766169
vt 0.869402 0.751942
vt 0.848455 0.731649
vt 0.843896 0.717209
vt 0.867346 0.730965
vt 0.855142 0.679233
vt 0.835161 0.693410
vt 0.829909 0.708151
vt 0.851700 0.749808
vt 0.821317 0.716782
vt 0.842937 0.666472
vt 0.813183 0.668572
vt 0.827883 0.652985
vt 0.135392 0.828623
vt 0.127107 0.839522
vt 0.090159 0.835453
vt 0.140931 0.817963
vt 0.086293 0.821979
vt 0.079495 0.874209
vt 0.117790 0.862570
vt 0.102391 0.884254
vt 0.092529 0.861216
vt 0.069795 0.851408
vt 0.075844 0.796040
vt 0.059191 0.825423
vt 0.066140 0.866228
vt 0.058111 0.871194
vt 0.124428 0.900800
vt 0.132916 0.895888
vt 0.788912 0.645061
vt 0.770314 0.640028
vt 0.805120 0.629314
vt 0.140523 0.867573
vt 0.123014 0.882877
vt 0.141951 0.893198
vt 0.741022 0.641935
vt 0.752997 0.663704
vt 0.751127 0.647255
vt 0.766483 0.661430
vt 0.817068 0.700542
vt 0.789484 0.661177
vt 0.799315 0.654937
vt 0.816252 0.642790
vt 0.071815 0.907138
vt 0.053792 0.746670
vt 0.099932 0.791786
vt 0.699335 0.670841
vt 0.813438 0.716403
vt 0.813625 0.683545
vt 0.867664 0.805572
vt 0.134202 0.803956
s 1
usemtl stones
f 990/1221/984 1025/1222/985 1043/1223/986
f 1026/1224/987 1025/1222/985 991/1225/988
f 1025/1222/985 990/1221/984 991/1225/988
f 1061/1226/989 1063/1227/990 1027/1228/991
f 984/1229/992 1029/1230/993 1028/1231/994
f 992/1232/995 993/1233/996 1029/1230/993
f 993/1233/996 994/1234/997 1028/1231/994
f 992/1232/995 1029/1230/993 984/1229/992
f 1031/1235/998 994/1234/997 1034/1236/999
f 1028/1231/994 1025/1222/985 984/1229/992
f 1028/1231/994 1039/1237/1000 1025/1222/985
f 985/1238/1001 1039/1237/1000 1028/1231/994
f 1031/1235/998 1036/1239/1002 985/1238/1001
f 985/1238/1001 1036/1239/1002 987/1240/1003
f 1032/1241/1004 1030/1242/1005 1077/1243/1006
f 1032/1241/1004 1033/1244/1007 1030/1242/1005
f 1078/1245/1008 1033/1244/1007 1034/1236/999
f 986/1246/1009 1033/1244/1007 1035/1247/1010
f 1036/1239/1002 1034/1236/999 1033/1244/1007
f 984/1229/992 1025/1222/985 1026/1224/987
f 988/1248/1011 987/1240/1003 1036/1239/1002
f 1037/1249/1012 996/1250/1013 997/1251/1014
f 988/1248/1011 1038/1252/1015 989/1253/1016
f 988/1248/1011 1042/1254/1017 987/1240/1003
f 999/1255/1018 1037/1256/1012 997/1257/1014
f 1040/1258/1019 988/1248/1011 989/1253/1016
f 1042/1254/1017 1041/1259/1020 987/1240/1003
f 1043/1260/986 1044/1261/1021 990/1262/984
f 990/1262/984 1044/1261/1021 1048/1263/1022
f 1048/1263/1022 1044/1261/1021 1100/1264/1023
f 1041/1265/1020 1042/1266/1017 1100/1264/1023
f 1097/1267/1024 1045/1268/1025 1000/1269/1026
f 1045/1268/1025 989/1270/1016 1000/1269/1026
f 1000/1269/1026 989/1270/1016 1037/1256/1012
f 1045/1268/1025 1040/1271/1019 989/1270/1016
f 1048/1263/1022 1049/1272/1027 1055/1273/1028
f 1001/1274/1029 1052/1275/1030 1049/1272/1027
f 1049/1272/1027 1054/1276/1031 1055/1273/1028
f 1107/1277/1032 1052/1275/1030 1099/1278/1033
f 1052/1275/1030 1053/1279/1034 1049/1272/1027
f 1057/1280/1035 1053/1279/1034 1107/1277/1032
f 1055/1273/1028 1056/1281/1036 1050/1282/1037
f 1057/1280/1035 1060/1283/1038 1058/1284/1039
f 1054/1276/1031 1058/1284/1039 1055/1273/1028
f 1059/1285/1040 1004/1286/1041 1117/1287/1042
f 1059/1285/1040 1060/1283/1038 1004/1286/1041
f 1050/1288/1037 1062/1289/1043 1061/1226/989
f 1121/1290/1044 1060/1291/1038 1059/1292/1040
f 1121/1290/1044 1058/1293/1039 1060/1291/1038
f 1121/1290/1044 1056/1294/1036 1058/1293/1039
f 1063/1227/990 1064/1295/1045 1065/1296/1046
f 1066/1297/1047 1006/1298/1048 1123/1299/1049
f 1124/1300/1050 1067/1301/1051 1066/1297/1047
f 1068/1302/1052 1127/1303/1053 1069/1304/1054
f 1067/1301/1051 1127/1303/1053 1068/1302/1052
f 1068/1302/1052 1070/1305/1055 1067/1301/1051
f 1068/1302/1052 1071/1306/1056 1070/1305/1055
f 1008/1307/1057 1074/1308/1058 1069/1304/1054
f 1068/1302/1052 1073/1309/1059 1071/1306/1056
f 1069/1304/1054 1073/1309/1059 1068/1302/1052
f 1076/1310/1060 1074/1308/1058 1075/1311/1061
f 1075/1311/1061 1072/1312/1062 995/1313/1063
f 1074/1308/1058 1072/1312/1062 1075/1311/1061
f 1072/1312/1062 1135/1314/1064 995/1313/1063
f 1066/1297/1047 993/1233/996 1063/1227/990
f 1079/1315/1065 1078/1245/1008 1070/1305/1055
f 1076/1310/1060 1079/1315/1065 1071/1306/1056
f 1080/1316/1066 1081/1317/1067 1139/1318/1068
f 1077/1243/1006 1080/1316/1066 1083/1319/1069
f 1083/1319/1069 1146/1320/1070 1084/1321/1071
f 1146/1320/1070 1085/1322/1072 1084/1321/1071
f 1084/1321/1071 996/1250/1013 1035/1247/1010
f 1086/1323/1073 996/1250/1013 1085/1322/1072
f 997/1257/1014 1086/1324/1073 998/1325/1074
f 1086/1324/1073 1088/1326/1075 998/1325/1074
f 998/1325/1074 1087/1327/1076 1092/1328/1077
f 1092/1328/1077 1087/1327/1076 1090/1329/1078
f 1148/1330/1079 1090/1329/1078 1087/1327/1076
f 1095/1331/1080 998/1325/1074 1092/1328/1077
f 997/1257/1014 998/1325/1074 1095/1331/1080
f 1095/1331/1080 1093/1332/1081 999/1255/1018
f 1096/1333/1082 1000/1269/1026 1094/1334/1083
f 1018/1335/1084 1098/1336/1085 1169/1337/1086
f 1098/1336/1085 1096/1333/1082 1169/1337/1086
f 1169/1337/1086 1096/1333/1082 1094/1334/1083
f 1098/1336/1085 1018/1335/1084 1002/1338/1087
f 1094/1334/1083 1000/1269/1026 999/1255/1018
f 1096/1333/1082 1097/1267/1024 1000/1269/1026
f 1000/1269/1026 1037/1256/1012 999/1255/1018
f 1002/1338/1087 1047/1339/1088 1098/1336/1085
f 1098/1336/1085 1047/1339/1088 1097/1267/1024
f 1098/1336/1085 1097/1267/1024 1096/1333/1082
f 1047/1339/1088 1101/1340/1089 1046/1341/1090
f 1046/1341/1090 1101/1340/1089 1100/1264/1023
f 1104/1342/1091 1109/1343/1092 1103/1344/1093
f 1099/1278/1033 1052/1275/1030 1103/1344/1093
f 1052/1275/1030 1001/1274/1029 1103/1344/1093
f 1002/1338/1087 1101/1340/1089 1047/1339/1088
f 1101/1340/1089 1103/1344/1093 1100/1264/1023
f 1103/1344/1093 1001/1274/1029 1100/1264/1023
f 1102/1345/1094 1018/1335/1084 1017/1346/1095
f 1108/1347/1096 1104/1342/1091 1102/1345/1094
f 1109/1343/1092 1104/1342/1091 1108/1347/1096
f 1103/1344/1093 1101/1340/1089 1104/1342/1091
f 1104/1342/1091 1101/1340/1089 1002/1338/1087
f 1116/1348/1097 1003/1349/1098 1114/1350/1099
f 1106/1351/1100 1003/1349/1098 1116/1348/1097
f 1107/1277/1032 1004/1286/1041 1057/1280/1035
f 1109/1343/1092 1110/1352/1101 1051/1353/1102
f 1108/1347/1096 1110/1352/1101 1109/1343/1092
f 1110/1352/1101 1108/1347/1096 1171/1354/1103
f 1110/1352/1101 1112/1355/1104 1113/1356/1105
f 1111/1357/1106 1171/1354/1103 1108/1347/1096
f 1113/1356/1105 1112/1355/1104 1111/1357/1106
f 1172/1358/1107 1115/1359/1108 1111/1357/1106
f 1111/1357/1106 1115/1359/1108 1113/1356/1105
f 1115/1359/1108 1172/1358/1107 1114/1350/1099
f 1003/1349/1098 1113/1356/1105 1115/1359/1108
f 1117/1287/1042 1004/1286/1041 1106/1351/1100
f 1005/1360/1109 1174/1361/1110 1175/1362/1111
f 1114/1350/1099 1174/1361/1110 1005/1360/1109
f 1179/1363/1112 1005/1364/1109 1175/1365/1111
f 1007/1366/1113 1118/1367/1114 1179/1363/1112
f 1059/1292/1040 1119/1368/1115 1120/1369/1116
f 1120/1369/1116 1125/1370/1117 1123/1299/1049
f 1122/1371/1118 1059/1292/1040 1120/1369/1116
f 1059/1292/1040 1122/1371/1118 1121/1290/1044
f 1006/1298/1048 1065/1296/1046 1123/1299/1049
f 1123/1299/1049 1122/1371/1118 1120/1369/1116
f 1062/1289/1043 1122/1371/1118 1065/1296/1046
f 1123/1299/1049 1125/1370/1117 1124/1300/1050
f 1126/1372/1119 1120/1369/1116 1007/1366/1113
f 1136/1373/1120 1127/1303/1053 1126/1372/1119
f 1126/1372/1119 1125/1370/1117 1120/1369/1116
f 1127/1303/1053 1125/1370/1117 1126/1372/1119
f 1008/1307/1057 1128/1374/1121 1009/1375/1122
f 1069/1304/1054 1011/1376/1123 1008/1307/1057
f 1008/1307/1057 1011/1376/1123 1128/1374/1121
f 1009/1375/1122 1132/1377/1124 1133/1378/1125
f 1135/1314/1064 1189/1379/1126 1134/1380/1127
f 1131/1381/1128 1024/1382/1129 1135/1314/1064
f 1135/1314/1064 1024/1382/1129 1189/1379/1126
f 1133/1378/1125 1072/1312/1062 1009/1375/1122
f 1012/1383/1130 1135/1314/1064 1134/1380/1127
f 1181/1384/1131 1126/1372/1119 1007/1366/1113
f 1137/1385/1132 1010/1386/1133 1128/1374/1121
f 1138/1387/1134 1184/1388/1135 1023/1389/1136
f 1141/1390/1137 1012/1383/1130 1134/1380/1127
f 1141/1390/1137 1081/1317/1067 1012/1383/1130
f 1081/1317/1067 1140/1391/1138 1139/1318/1068
f 1081/1317/1067 1141/1390/1137 1140/1391/1138
f 995/1313/1063 1012/1383/1130 1081/1317/1067
f 1140/1391/1138 1142/1392/1139 1139/1318/1068
f 1139/1318/1068 1142/1392/1139 1013/1393/1140
f 1145/1394/1141 1082/1395/1142 1013/1393/1140
f 1144/1396/1143 1143/1397/1144 1086/1323/1073
f 1085/1322/1072 1146/1320/1070 1144/1396/1143
f 1143/1397/1144 1144/1396/1143 1146/1320/1070
f 1013/1393/1140 1082/1395/1142 1139/1318/1068
f 1087/1327/1076 1149/1398/1145 1148/1330/1079
f 1153/1399/1146 1149/1398/1145 1014/1400/1147
f 1148/1330/1079 1150/1401/1148 1154/1402/1149
f 1142/1392/1139 1014/1403/1147 1013/1393/1140
f 1151/1404/1150 1153/1405/1146 1014/1403/1147
f 1155/1406/1151 1156/1407/1152 1150/1408/1148
f 1154/1409/1149 1156/1407/1152 1015/1410/1153
f 1156/1407/1152 1157/1411/1154 1015/1410/1153
f 1189/1379/1126 1152/1412/1155 1151/1404/1150
f 1156/1407/1152 1132/1377/1124 1130/1413/1156
f 1132/1377/1124 1156/1407/1152 1131/1381/1128
f 1156/1407/1152 1024/1382/1129 1131/1381/1128
f 1154/1409/1149 1015/1410/1153 1158/1414/1157
f 1158/1414/1157 1161/1415/1158 1160/1416/1159
f 1162/1417/1160 1020/1418/1161 1165/1419/1162
f 1160/1420/1159 1162/1417/1160 1163/1421/1163
f 1162/1417/1160 1165/1419/1162 1163/1421/1163
f 1164/1422/1164 1176/1423/1165 1019/1424/1166
f 1016/1425/1167 1176/1423/1165 1164/1422/1164
f 1167/1426/1168 1165/1419/1162 1016/1425/1167
f 1091/1427/1169 1163/1421/1163 1092/1328/1077
f 1092/1328/1077 1166/1428/1170 1093/1332/1081
f 1166/1428/1170 1165/1419/1162 1167/1426/1168
f 1167/1426/1168 1169/1337/1086 1166/1428/1170
f 1166/1428/1170 1169/1337/1086 1093/1332/1081
f 1017/1346/1095 1169/1337/1086 1167/1426/1168
f 1102/1345/1094 1168/1429/1171 1164/1422/1164
f 1111/1357/1106 1164/1422/1164 1019/1424/1166
f 1108/1347/1096 1170/1430/1172 1111/1357/1106
f 1172/1358/1107 1173/1431/1173 1114/1350/1099
f 1173/1431/1173 1174/1361/1110 1114/1350/1099
f 1174/1361/1110 1178/1432/1174 1175/1362/1111
f 1022/1433/1175 1021/1434/1176 1020/1435/1161
f 1021/1436/1176 1176/1423/1165 1020/1418/1161
f 1178/1432/1174 1177/1437/1177 1180/1438/1178
f 1180/1438/1178 1177/1437/1177 1021/1436/1176
f 1172/1358/1107 1177/1437/1177 1173/1431/1173
f 1179/1363/1112 1175/1365/1111 1180/1439/1178
f 1182/1440/1179 1180/1439/1178 1187/1441/1180
f 1179/1363/1112 1182/1440/1179 1181/1384/1131
f 1182/1440/1179 1183/1442/1181 1184/1388/1135
f 1015/1410/1153 1157/1411/1154 1185/1443/1182
f 1186/1444/1183 1188/1445/1184 1138/1387/1134
f 1188/1445/1184 1161/1415/1158 1138/1387/1134
f 1187/1441/1180 1183/1442/1181 1182/1440/1179
f 1160/1416/1159 1188/1445/1184 1162/1446/1160
f 1188/1445/1184 1022/1433/1175 1162/1446/1160
f 1188/1445/1184 1186/1444/1183 1022/1433/1175
f 1050/1288/1037 991/1225/988 990/1221/984
f 1043/1223/986 1039/1237/1000 1041/1259/1020
f 1026/1224/987 1027/1228/991 984/1229/992
f 984/1229/992 1027/1228/991 992/1232/995
f 1027/1228/991 1026/1224/987 1061/1226/989
f 992/1232/995 1027/1228/991 1063/1227/990
f 991/1225/988 1061/1226/989 1026/1224/987
f 1029/1230/993 993/1233/996 1028/1231/994
f 1034/1236/999 994/1234/997 1078/1245/1008
f 1031/1235/998 1028/1231/994 994/1234/997
f 1078/1245/1008 994/1234/997 1070/1305/1055
f 1031/1235/998 1034/1236/999 1036/1239/1002
f 1030/1242/1005 1033/1244/1007 1078/1245/1008
f 1038/1252/1015 988/1248/1011 1036/1239/1002
f 986/1246/1009 1038/1252/1015 1033/1244/1007
f 1033/1244/1007 1038/1252/1015 1036/1239/1002
f 1035/1247/1010 1033/1244/1007 1032/1241/1004
f 1084/1321/1071 1035/1247/1010 1032/1241/1004
f 1031/1235/998 985/1238/1001 1028/1231/994
f 985/1238/1001 987/1240/1003 1041/1259/1020
f 1035/1247/1010 996/1250/1013 986/1246/1009
f 1037/1249/1012 989/1253/1016 1038/1252/1015
f 1037/1249/1012 1038/1252/1015 986/1246/1009
f 1037/1249/1012 986/1246/1009 996/1250/1013
f 985/1238/1001 1041/1259/1020 1039/1237/1000
f 1040/1258/1019 1042/1254/1017 988/1248/1011
f 1043/1223/986 1025/1222/985 1039/1237/1000
f 1041/1265/1020 1044/1261/1021 1043/1260/986
f 1100/1264/1023 1044/1261/1021 1041/1265/1020
f 1042/1266/1017 1040/1271/1019 1045/1268/1025
f 1100/1264/1023 1042/1266/1017 1046/1341/1090
f 1042/1266/1017 1045/1268/1025 1047/1339/1088
f 1046/1341/1090 1042/1266/1017 1047/1339/1088
f 1050/1282/1037 990/1262/984 1055/1273/1028
f 990/1262/984 1048/1263/1022 1055/1273/1028
f 1048/1263/1022 1001/1274/1029 1049/1272/1027
f 1049/1272/1027 1053/1279/1034 1054/1276/1031
f 1051/1353/1102 1105/1447/1185 1099/1278/1033
f 1105/1447/1185 1107/1277/1032 1099/1278/1033
f 1052/1275/1030 1107/1277/1032 1053/1279/1034
f 1057/1280/1035 1054/1276/1031 1053/1279/1034
f 1055/1273/1028 1058/1284/1039 1056/1281/1036
f 1057/1280/1035 1058/1284/1039 1054/1276/1031
f 1060/1283/1038 1057/1280/1035 1004/1286/1041
f 1050/1288/1037 1056/1294/1036 1062/1289/1043
f 991/1225/988 1050/1288/1037 1061/1226/989
f 1062/1289/1043 1056/1294/1036 1121/1290/1044
f 1061/1226/989 1064/1295/1045 1063/1227/990
f 1065/1296/1046 1066/1297/1047 1063/1227/990
f 1065/1296/1046 1006/1298/1048 1066/1297/1047
f 1066/1297/1047 1067/1301/1051 1070/1305/1055
f 1067/1301/1051 1124/1300/1050 1127/1303/1053
f 1066/1297/1047 1070/1305/1055 993/1233/996
f 1009/1375/1122 1072/1312/1062 1008/1307/1057
f 1008/1307/1057 1072/1312/1062 1074/1308/1058
f 1069/1304/1054 1074/1308/1058 1073/1309/1059
f 1074/1308/1058 1076/1310/1060 1073/1309/1059
f 1076/1310/1060 1071/1306/1056 1073/1309/1059
f 1063/1227/990 993/1233/996 992/1232/995
f 1070/1305/1055 1071/1306/1056 1079/1315/1065
f 993/1233/996 1070/1305/1055 994/1234/997
f 1077/1243/1006 1075/1311/1061 995/1313/1063
f 1030/1242/1005 1078/1245/1008 1079/1315/1065
f 1030/1242/1005 1079/1315/1065 1076/1310/1060
f 1077/1243/1006 1030/1242/1005 1075/1311/1061
f 1030/1242/1005 1076/1310/1060 1075/1311/1061
f 995/1313/1063 1081/1317/1067 1080/1316/1066
f 1082/1395/1142 1080/1316/1066 1139/1318/1068
f 1077/1243/1006 995/1313/1063 1080/1316/1066
f 1080/1316/1066 1082/1395/1142 1083/1319/1069
f 1032/1241/1004 1083/1319/1069 1084/1321/1071
f 1146/1320/1070 1083/1319/1069 1082/1395/1142
f 1077/1243/1006 1083/1319/1069 1032/1241/1004
f 996/1250/1013 1084/1321/1071 1085/1322/1072
f 1144/1396/1143 1086/1323/1073 1085/1322/1072
f 997/1251/1014 996/1250/1013 1086/1323/1073
f 998/1325/1074 1088/1326/1075 1087/1327/1076
f 1091/1427/1169 1092/1328/1077 1090/1329/1078
f 1086/1324/1073 1147/1448/1186 1088/1326/1075
f 1089/1449/1187 1090/1329/1078 1148/1330/1079
f 1163/1421/1163 1091/1427/1169 1089/1449/1187
f 1089/1449/1187 1091/1427/1169 1090/1329/1078
f 1169/1337/1086 1094/1334/1083 1093/1332/1081
f 1093/1332/1081 1094/1334/1083 999/1255/1018
f 1017/1346/1095 1018/1335/1084 1169/1337/1086
f 1095/1331/1080 999/1255/1018 997/1257/1014
f 1097/1267/1024 1047/1339/1088 1045/1268/1025
f 1103/1344/1093 1109/1343/1092 1099/1278/1033
f 1099/1278/1033 1109/1343/1092 1051/1353/1102
f 1048/1263/1022 1100/1264/1023 1001/1274/1029
f 1102/1345/1094 1104/1342/1091 1018/1335/1084
f 1018/1335/1084 1104/1342/1091 1002/1338/1087
f 1105/1447/1185 1003/1349/1098 1106/1351/1100
f 1107/1277/1032 1105/1447/1185 1106/1351/1100
f 1004/1286/1041 1107/1277/1032 1106/1351/1100
f 1110/1352/1101 1113/1356/1105 1051/1353/1102
f 1171/1354/1103 1111/1357/1106 1112/1355/1104
f 1171/1354/1103 1112/1355/1104 1110/1352/1101
f 1051/1353/1102 1113/1356/1105 1105/1447/1185
f 1019/1424/1166 1172/1358/1107 1111/1357/1106
f 1105/1447/1185 1113/1356/1105 1003/1349/1098
f 1114/1350/1099 1003/1349/1098 1115/1359/1108
f 1106/1351/1100 1116/1348/1097 1117/1287/1042
f 1114/1350/1099 1117/1287/1042 1116/1348/1097
f 1005/1360/1109 1117/1287/1042 1114/1350/1099
f 1117/1450/1042 1005/1364/1109 1118/1367/1114
f 1179/1363/1112 1118/1367/1114 1005/1364/1109
f 1117/1450/1042 1118/1367/1114 1059/1292/1040
f 1118/1367/1114 1119/1368/1115 1059/1292/1040
f 1007/1366/1113 1119/1368/1115 1118/1367/1114
f 1123/1299/1049 1065/1296/1046 1122/1371/1118
f 1062/1289/1043 1064/1295/1045 1061/1226/989
f 1062/1289/1043 1065/1296/1046 1064/1295/1045
f 1062/1289/1043 1121/1290/1044 1122/1371/1118
f 1066/1297/1047 1123/1299/1049 1124/1300/1050
f 1127/1303/1053 1124/1300/1050 1125/1370/1117
f 1069/1304/1054 1127/1303/1053 1011/1376/1123
f 1011/1376/1123 1127/1303/1053 1136/1373/1120
f 1007/1366/1113 1120/1369/1116 1119/1368/1115
f 1009/1375/1122 1128/1374/1121 1129/1451/1188
f 1132/1377/1124 1009/1375/1122 1130/1413/1156
f 1130/1413/1156 1009/1375/1122 1129/1451/1188
f 1010/1386/1133 1129/1451/1188 1128/1374/1121
f 1132/1377/1124 1131/1381/1128 1133/1378/1125
f 1135/1314/1064 1133/1378/1125 1131/1381/1128
f 1135/1314/1064 1072/1312/1062 1133/1378/1125
f 995/1313/1063 1135/1314/1064 1012/1383/1130
f 1011/1376/1123 1136/1373/1120 1137/1385/1132
f 1011/1376/1123 1137/1385/1132 1128/1374/1121
f 1181/1384/1131 1184/1388/1135 1126/1372/1119
f 1126/1372/1119 1184/1388/1135 1136/1373/1120
f 1184/1388/1135 1137/1385/1132 1136/1373/1120
f 1159/1452/1189 1185/1443/1182 1138/1387/1134
f 1185/1443/1182 1010/1386/1133 1137/1385/1132
f 1138/1387/1134 1185/1443/1182 1137/1385/1132
f 1138/1387/1134 1137/1385/1132 1184/1388/1135
f 1151/1404/1150 1141/1390/1137 1134/1380/1127
f 1141/1390/1137 1151/1404/1150 1140/1391/1138
f 1014/1403/1147 1142/1392/1139 1151/1404/1150
f 1142/1392/1139 1140/1391/1138 1151/1404/1150
f 1086/1323/1073 1143/1397/1144 1147/1453/1186
f 1145/1394/1141 1143/1397/1144 1082/1395/1142
f 1143/1397/1144 1146/1320/1070 1082/1395/1142
f 1088/1326/1075 1147/1448/1186 1087/1327/1076
f 1147/1448/1186 1149/1398/1145 1087/1327/1076
f 1147/1448/1186 1014/1400/1147 1149/1398/1145
f 1089/1449/1187 1148/1330/1079 1154/1402/1149
f 1148/1330/1079 1149/1398/1145 1150/1401/1148
f 1149/1398/1145 1153/1399/1146 1150/1401/1148
f 1013/1393/1140 1014/1403/1147 1147/1453/1186
f 1152/1412/1155 1155/1406/1151 1150/1408/1148
f 1152/1412/1155 1153/1405/1146 1151/1404/1150
f 1153/1405/1146 1152/1412/1155 1150/1408/1148
f 1154/1409/1149 1150/1408/1148 1156/1407/1152
f 1189/1379/1126 1024/1382/1129 1152/1412/1155
f 1024/1382/1129 1155/1406/1151 1152/1412/1155
f 1130/1413/1156 1157/1411/1154 1156/1407/1152
f 1024/1382/1129 1156/1407/1152 1155/1406/1151
f 1161/1415/1158 1158/1414/1157 1015/1410/1153
f 1015/1410/1153 1159/1452/1189 1161/1415/1158
f 1015/1410/1153 1185/1443/1182 1159/1452/1189
f 1020/1418/1161 1176/1423/1165 1016/1425/1167
f 1019/1424/1166 1176/1423/1165 1177/1437/1177
f 1020/1418/1161 1016/1425/1167 1165/1419/1162
f 1160/1420/1159 1163/1421/1163 1158/1454/1157
f 1154/1402/1149 1158/1454/1157 1089/1449/1187
f 1158/1454/1157 1163/1421/1163 1089/1449/1187
f 1092/1328/1077 1163/1421/1163 1166/1428/1170
f 1166/1428/1170 1163/1421/1163 1165/1419/1162
f 1164/1422/1164 1168/1429/1171 1016/1425/1167
f 1168/1429/1171 1017/1346/1095 1167/1426/1168
f 1168/1429/1171 1167/1426/1168 1016/1425/1167
f 1092/1328/1077 1093/1332/1081 1095/1331/1080
f 1017/1346/1095 1168/1429/1171 1102/1345/1094
f 1170/1430/1172 1102/1345/1094 1164/1422/1164
f 1111/1357/1106 1170/1430/1172 1164/1422/1164
f 1102/1345/1094 1170/1430/1172 1108/1347/1096
f 1177/1437/1177 1172/1358/1107 1019/1424/1166
f 1174/1361/1110 1173/1431/1173 1178/1432/1174
f 1177/1437/1177 1176/1423/1165 1021/1436/1176
f 1173/1431/1173 1177/1437/1177 1178/1432/1174
f 1022/1433/1175 1020/1435/1161 1162/1446/1160
f 1175/1362/1111 1178/1432/1174 1180/1438/1178
f 1180/1439/1178 1182/1440/1179 1179/1363/1112
f 1180/1439/1178 1021/1434/1176 1187/1441/1180
f 1179/1363/1112 1181/1384/1131 1007/1366/1113
f 1023/1389/1136 1184/1388/1135 1183/1442/1181
f 1181/1384/1131 1182/1440/1179 1184/1388/1135
f 1129/1451/1188 1010/1386/1133 1130/1413/1156
f 1010/1386/1133 1185/1443/1182 1157/1411/1154
f 1130/1413/1156 1010/1386/1133 1157/1411/1154
f 1023/1389/1136 1183/1442/1181 1186/1444/1183
f 1187/1441/1180 1021/1434/1176 1183/1442/1181
f 1021/1434/1176 1022/1433/1175 1183/1442/1181
f 1022/1433/1175 1186/1444/1183 1183/1442/1181
f 1160/1416/1159 1161/1415/1158 1188/1445/1184
f 1138/1387/1134 1023/1389/1136 1186/1444/1183
f 1161/1415/1158 1159/1452/1189 1138/1387/1134
f 1151/1404/1150 1134/1380/1127 1189/1379/1126
f 1147/1453/1186 1145/1394/1141 1013/1393/1140
f 1147/1453/1186 1143/1397/1144 1145/1394/1141
o stone6
v 813.401001 75.477715 -50.476326
v 776.057739 33.407005 76.203896
v 812.732483 -56.035847 159.680222
v 774.568665 -33.758457 202.216629
v 768.963806 -19.714884 224.314911
v 881.800842 -98.656197 32.622368
v 787.461609 -46.499653 216.836761
v 782.597290 -5.885866 202.958847
v 827.042603 93.142387 -73.089828
v 923.474792 88.317719 -218.740463
v 805.132080 57.711823 22.101549
v 783.930298 39.863987 121.560905
v 868.775269 117.522308 -142.513138
v 885.601685 118.156967 -103.558411
v 871.589844 -103.235901 67.460869
v 932.392761 -106.856239 -42.812328
v 881.328979 -83.552490 191.419052
v 1011.950317 -34.721703 -253.480530
v 902.732849 -7.123189 256.966125
v 993.427673 44.178406 237.224670
v 791.507507 -32.025154 233.613724
v 787.195740 -15.120080 226.092453
v 873.573181 12.992729 244.255020
v 940.343262 35.016052 237.127060
v 950.832092 84.809669 131.939453
v 1022.570801 -42.547592 -247.242828
v 1008.655457 88.627403 -171.290833
v 1037.201172 104.977081 12.785859
v 1063.229492 91.112213 185.448837
v 1048.031982 -110.640739 -214.335922
v 994.855713 -117.012871 -33.807053
v 1009.836975 -126.561401 18.580404
v 975.200684 -126.420631 175.253326
v 1058.823730 -75.231041 -136.930222
v 1052.449463 69.062820 226.242111
v 1052.170654 -69.839577 -158.607193
v 1062.255249 61.059792 194.263382
v 1066.871826 19.981258 62.091236
v 1069.757080 -17.598881 0.613611
v 770.587280 0.037631 181.549576
v 768.060486 8.364424 163.714355
v 770.192749 -19.018190 192.953369
v 769.937317 22.284189 153.646393
v 788.742432 32.061825 161.832428
v 790.066223 50.531483 30.090189
v 818.205261 83.190880 -92.861229
v 810.654907 60.583656 -50.807625
v 779.961975 30.096201 146.925919
v 765.231201 31.441359 105.693924
v 789.683044 44.600971 4.495373
v 776.242004 -1.765890 139.117111
v 774.329529 5.471357 85.807861
v 791.150757 5.078832 37.871319
v 839.223206 -56.196041 38.551773
v 882.295410 -40.807903 -76.461609
v 893.139465 41.874805 -195.668930
v 880.952271 9.792784 -138.413605
v 825.409668 72.141281 -123.834167
v 802.152039 24.558453 -25.728619
v 839.186584 -17.727938 -56.161915
v 950.000000 -105.651184 -97.880020
v 917.670410 -93.185768 -27.364672
v 896.147278 -33.370026 -127.634171
v 924.729248 -45.289833 -179.087677
v 849.054993 -79.862938 81.543411
v 838.685303 -69.507263 104.969254
v 790.612061 13.077246 193.826447
v 783.007996 21.769089 175.631058
v 794.904663 43.671494 78.595375
v 893.017944 92.743744 -210.571198
v 962.903198 75.579437 -237.171387
v 869.663330 98.782806 -207.198288
v 835.806396 116.806282 -174.827515
v 839.057922 104.095505 -195.032898
v 828.887939 90.021385 -173.330551
v 824.659729 105.135513 -125.979553
v 820.115540 79.868469 -39.306850
v 881.110352 95.000687 -7.635140
v 839.033142 35.978321 158.687347
v 897.801758 64.475960 171.432236
v 841.188049 60.698540 71.190132
v 991.219604 130.233475 4.197217
v 914.394470 96.874603 54.215710
v 1019.185059 109.797760 71.247978
v 959.832031 128.424881 -15.871005
v 997.172363 117.982361 46.819599
v 927.414795 121.003448 -54.761524
v 945.433533 99.662941 -122.677864
v 973.723145 119.060944 -80.944695
v 982.906799 73.096558 -236.772461
v 945.155212 88.516983 -210.473663
v 933.635315 93.393578 -190.400909
v 864.175781 62.213551 -196.077560
v 923.272034 23.888130 -212.895889
v 942.608521 -29.874584 -218.156052
v 967.117615 -113.695396 -147.418839
v 942.358521 -100.646294 40.955994
v 870.857422 -83.169838 137.415970
v 900.062927 -106.641388 100.804138
v 953.717041 -121.094368 -23.084089
v 886.048340 -89.795135 179.563446
v 944.055359 -125.205696 171.964951
v 839.583008 -73.254684 209.045059
v 912.076477 -111.763779 173.237289
v 779.957703 -35.540218 229.510590
v 1021.532349 -111.215080 -233.750748
v 1003.031250 -64.681259 -243.752640
v 1022.640015 -74.061928 -235.797745
v 1029.301270 -113.210236 -223.574020
v 1011.241028 -113.007759 -213.700394
v 979.387939 -77.702499 -233.079056
v 971.069214 -20.721079 -237.414688
v 926.362915 68.469498 -220.308975
v 1008.314026 -8.776537 -255.474274
v 985.233032 59.552967 -252.409454
v 989.457336 35.249798 -244.611450
v 949.427795 30.059284 -229.023911
v 887.223267 -1.542898 252.516434
v 833.078857 -27.071507 241.975067
v 966.103638 19.925362 243.679504
v 926.143372 -60.291588 213.398148
v 974.821838 -71.681488 212.684509
v 947.893311 -36.863251 239.833786
v 876.251038 -15.749194 237.478424
v 823.797302 -4.480041 233.644455
v 891.061584 12.513391 247.455719
v 994.751953 55.982475 230.805496
v 921.268250 40.941586 226.222260
v 975.409302 62.219383 215.771133
v 862.876526 28.714108 208.249710
v 827.540955 24.721046 192.288330
v 957.423767 71.811256 176.757706
v 1033.509277 84.921700 204.069046
v 1002.519409 70.880470 216.167099
v 986.429993 80.761322 153.948563
v 1006.041748 20.293686 -247.948807
v 1006.005005 45.989532 -243.456131
v 1028.217773 103.507446 -62.631943
v 1011.630737 88.579216 -115.331924
v 1047.167725 106.782043 62.596977
v 1015.217590 22.974112 -171.687073
v 1056.319824 71.948532 2.823334
v 1034.394775 52.027023 -139.971451
v 1030.247681 59.774799 -85.845657
v 1036.522095 -67.577103 -233.633499
v 1024.827148 -30.596029 -211.372452
v 1048.422852 -22.687826 -97.030502
v 1021.149048 114.966652 87.833328
v 1032.299683 102.637444 137.645905
v 1052.178467 99.913277 173.365540
v 1068.448975 81.418526 207.715744
v 1063.750244 84.145996 147.524216
v 1063.875366 106.092110 140.560699
v 1052.088867 116.038803 110.059013
v 1063.276855 98.166878 110.728752
v 1052.357422 100.207809 89.312927
v 1059.110229 69.139664 28.217468
v 1056.452271 82.181564 53.785717
v 1062.630005 47.044689 7.517380
v 1005.088806 -102.588043 -185.802032
v 1024.027710 -122.828125 -129.974991
v 999.848816 -119.268181 -79.895668
v 1017.800598 -117.401360 -18.098499
v 1022.774597 -119.487991 -95.686203
v 998.680908 -122.238754 64.268730
v 1004.246338 -129.812042 12.145767
v 997.439758 -90.970039 181.829422
v 1039.070801 24.697247 221.736404
v 982.804749 -37.226650 227.008530
v 1054.656006 44.371746 220.369415
v 1024.911377 -17.468075 213.250565
v 1006.664368 -125.322296 31.080011
v 1006.204407 -125.391624 32.499058
v 1006.219360 -125.309196 32.735489
v 1006.144897 -125.385918 32.717907
v 1033.867920 -103.238640 -187.786148
v 1014.167419 -117.863144 -72.187645
v 990.378479 -121.353325 115.440430
v 1033.060425 -101.016678 -8.012868
v 1050.001953 -96.171722 -151.200195
v 1038.529541 -76.719299 53.126514
v 1021.340576 -105.306664 53.189190
v 1065.614624 -60.683388 -48.772293
v 1010.239319 -99.291115 135.565323
v 1006.255127 -80.533569 195.339844
v 1012.471985 -40.264328 196.420074
v 1044.377441 -108.606407 -232.183807
v 1043.798584 -85.204620 -192.760986
v 1053.461426 -84.310791 -214.957123
v 1066.939697 -61.781334 -98.633041
v 1057.506226 67.778244 206.475189
v 1051.336060 79.425461 213.229752
v 1036.242798 69.583336 225.274582
v 1060.202759 -37.749096 -137.761765
v 1048.917847 36.509129 -53.304176
v 1061.755249 -39.274475 -71.809395
v 1064.671387 8.972102 -42.134659
v 1060.996826 4.009682 -73.558632
v 1055.926270 30.046835 -25.016880
v 1062.868652 18.917459 107.996559
v 1076.110718 -24.923893 -36.234329
v 1066.516724 8.836518 11.639965
v 1064.462524 54.378937 115.972580
v 1061.788696 51.476479 78.798920
v 1062.163818 39.427929 16.776991
v 1026.697388 -84.226387 97.090767
v 1026.250488 -44.887878 115.030754
v 1066.559448 -5.766118 38.311626
v 1042.253296 -19.764425 110.035919
v 1041.147827 -39.417561 43.505329
vn -0.9937 -0.1001 -0.0500
vn -0.8150 -0.5628 -0.1376
vn -0.8209 0.2578 0.5096
vn -0.9170 -0.3759 -0.1338
vn -0.8758 0.4668 -0.1230
vn -0.7392 0.6642 0.1115
vn -0.4049 0.9118 0.0682
vn -0.6669 0.7441 0.0412
vn -0.8596 0.4952 -0.1261
vn -0.3502 0.9223 0.1634
vn -0.9104 0.4132 -0.0200
vn -0.8647 0.5022 -0.0089
vn -0.9604 0.1796 -0.2129
vn -0.5099 0.8421 0.1756
vn -0.3300 0.9175 0.2219
vn -0.3841 0.8869 0.2566
vn -0.9723 0.2248 -0.0647
vn -0.9357 -0.0657 -0.3465
vn -0.9162 -0.2245 -0.3319
vn -0.9017 -0.3632 -0.2344
vn -0.7707 0.6345 0.0577
vn -0.8747 -0.2722 -0.4011
vn -0.9903 0.1201 0.0700
vn -0.5232 -0.5104 0.6824
vn -0.8443 -0.4561 -0.2812
vn -0.7195 -0.6478 -0.2505
vn -0.8997 -0.3977 -0.1802
vn -0.7372 -0.6666 -0.1100
vn -0.6557 -0.7550 0.0118
vn -0.7213 -0.5498 -0.4213
vn -0.6645 -0.6584 -0.3535
vn -0.4011 -0.8845 -0.2384
vn -0.5780 -0.7992 -0.1651
vn -0.5086 -0.5273 -0.6807
vn -0.6359 -0.2180 -0.7403
vn -0.7691 -0.4834 -0.4181
vn -0.7907 -0.4640 -0.3994
vn -0.8066 -0.5040 -0.3088
vn -0.5397 -0.8337 -0.1167
vn -0.4516 -0.8637 -0.2236
vn -0.6963 -0.2448 -0.6747
vn -0.5298 -0.5019 -0.6837
vn -0.6151 -0.7742 -0.1491
vn -0.4553 -0.8848 -0.0992
vn -0.5667 -0.8092 -0.1552
vn -0.7898 -0.6078 -0.0827
vn -0.1800 -0.9604 -0.2125
vn -0.1939 -0.7037 -0.6835
vn -0.2159 -0.2008 0.9555
vn -0.6118 0.6529 0.4466
vn -0.2749 0.6499 0.7086
vn -0.8534 0.3568 0.3801
vn -0.4548 0.6867 0.5672
vn -0.5268 0.7027 0.4782
vn -0.2699 0.9133 0.3049
vn -0.2285 0.8871 0.4010
vn 0.1325 0.9743 -0.1819
vn -0.0916 0.5126 -0.8537
vn -0.1063 0.4769 -0.8725
vn -0.1957 0.5906 -0.7829
vn 0.1221 0.9555 -0.2684
vn 0.3525 0.8062 -0.4752
vn 0.0201 0.9994 -0.0277
vn -0.4996 0.8280 -0.2546
vn 0.0997 0.2807 -0.9546
vn -0.5976 0.3105 -0.7392
vn -0.4091 -0.0753 -0.9094
vn -0.1280 0.6582 -0.7419
vn -0.3529 0.9149 0.1960
vn -0.1727 0.9847 -0.0227
vn -0.0904 0.9958 0.0169
vn -0.2823 0.9190 0.2753
vn -0.3461 0.9188 0.1895
vn -0.3146 0.9246 0.2149
vn -0.3073 0.8892 0.3388
vn -0.1745 0.9833 0.0519
vn 0.1384 0.9874 0.0774
vn -0.0691 0.9559 0.2855
vn -0.1433 0.9501 0.2772
vn -0.2361 0.9339 0.2685
vn -0.0251 0.9993 0.0270
vn 0.1225 0.9390 -0.3215
vn 0.1526 0.9632 -0.2214
vn 0.7092 0.6472 -0.2797
vn 0.6685 0.7406 -0.0680
vn 0.6108 0.7757 -0.1587
vn -0.3721 0.9256 -0.0694
vn 0.6132 0.7610 -0.2117
vn 0.6229 0.7495 -0.2240
vn -0.5387 -0.4841 -0.6896
vn -0.4963 -0.8651 0.0724
vn -0.2588 -0.9659 -0.0055
vn -0.1726 -0.8633 0.4742
vn 0.3256 -0.9433 -0.0638
vn 0.1671 -0.9858 -0.0184
vn -0.3039 -0.9410 -0.1488
vn -0.0280 -0.9892 -0.1438
vn -0.3872 -0.8209 0.4197
vn -0.1710 -0.9211 0.3497
vn 0.2557 -0.8808 0.3985
vn -0.2280 -0.9736 -0.0113
vn 0.2858 -0.9583 0.0062
vn 0.1772 -0.9806 0.0841
vn -0.5045 -0.8538 0.1285
vn -0.0677 -0.7473 0.6610
vn -0.5080 -0.8175 0.2714
vn -0.0982 -0.2357 -0.9669
vn 0.2493 -0.1472 -0.9572
vn 0.7196 0.0226 -0.6941
vn 0.0691 -0.1472 -0.9867
vn 0.5488 -0.5041 -0.6668
vn 0.6837 -0.7112 0.1633
vn 0.0668 -0.9974 -0.0256
vn -0.4601 -0.0866 -0.8836
vn -0.4584 -0.0806 -0.8851
vn -0.1645 -0.0826 -0.9829
vn 0.3584 0.1240 -0.9253
vn -0.1676 -0.4430 0.8807
vn -0.0143 -0.1555 0.9877
vn -0.1382 -0.6212 0.7714
vn -0.1159 -0.1685 0.9789
vn -0.3923 -0.0611 0.9178
vn 0.7841 -0.4470 0.4305
vn 0.4239 -0.3648 0.8289
vn 0.2023 -0.5015 0.8412
vn 0.7133 -0.4134 0.5659
vn 0.1044 -0.4510 0.8864
vn 0.1539 0.0785 0.9850
vn 0.6211 -0.3676 0.6922
vn -0.2844 0.5216 0.8044
vn -0.2796 0.5162 0.8096
vn -0.1506 0.5914 0.7922
vn -0.0975 0.5817 0.8076
vn -0.0780 0.6667 0.7413
vn -0.1328 0.6313 0.7641
vn 0.5011 0.2976 0.8126
vn 0.0954 0.2155 0.9718
vn -0.2302 0.7917 0.5659
vn -0.2439 0.8584 0.4513
vn -0.3204 0.8441 0.4299
vn -0.1372 0.9367 0.3222
vn -0.1952 0.9470 0.2550
vn -0.1538 0.8857 0.4380
vn -0.2087 0.8384 0.5036
vn 0.7212 0.2540 -0.6444
vn 0.5672 0.1946 -0.8003
vn 0.9215 0.3131 -0.2299
vn 0.9196 0.2500 -0.3031
vn 0.9423 0.1904 -0.2752
vn 0.9229 0.3488 -0.1629
vn 0.8870 0.4288 -0.1713
vn 0.9169 0.3150 -0.2451
vn 0.9402 0.2878 -0.1820
vn 0.9408 0.1830 -0.2852
vn 0.6782 0.1615 -0.7169
vn 0.3867 0.9219 -0.0245
vn 0.0278 0.9473 0.3191
vn 0.6500 0.7235 0.2325
vn 0.0388 0.8353 0.5484
vn 0.7729 0.6226 0.1224
vn 1.0000 -0.0029 0.0094
vn 0.9406 0.2227 -0.2561
vn 0.9551 0.2312 -0.1851
vn 0.8615 0.2856 0.4197
vn 0.9485 -0.2434 0.2026
vn 0.9502 0.3058 -0.0607
vn 0.9947 0.0417 -0.0938
vn 0.9948 0.0988 -0.0254
vn 0.9260 0.3119 -0.2126
vn 0.9744 0.2218 -0.0360
vn 0.4860 -0.8729 0.0423
vn 0.5132 -0.8535 -0.0907
vn -0.0856 -0.9954 0.0436
vn 0.4164 -0.9066 0.0683
vn -0.7084 -0.6951 -0.1227
vn -0.6376 -0.7674 -0.0681
vn 0.6370 -0.7621 0.1158
vn -0.7189 -0.6822 -0.1333
vn -0.7545 -0.6434 -0.1295
vn 0.7785 -0.6255 0.0516
vn 0.8356 -0.5093 0.2059
vn 0.7406 -0.6607 0.1226
vn 0.9105 -0.3663 0.1917
vn 0.9281 -0.2889 0.2348
vn 0.9923 -0.1174 0.0384
vn 0.9906 0.1341 -0.0274
vn 0.8653 -0.4958 -0.0742
vn 0.6058 -0.7552 0.2503
vn 0.9169 -0.3991 0.0002
vn 0.9723 -0.2336 -0.0117
vn 0.9686 -0.2245 -0.1070
vn 0.9980 -0.0378 -0.0512
vn 0.9691 -0.1147 -0.2183
vn 0.9113 0.3669 -0.1868
vn 0.9711 0.1209 -0.2059
vn 0.9234 0.3634 -0.1235
vn 0.9845 0.0386 0.1710
vn 0.9529 -0.2691 0.1400
vn 0.9990 0.0308 -0.0320
vn 0.9991 0.0378 0.0201
vn 0.9498 -0.2879 0.1227
vn 0.9918 0.1279 0.0059
vn 0.9677 -0.1415 0.2085
vn 0.9811 0.1875 -0.0485
vn 0.7109 -0.4687 0.5243
vn 0.8563 -0.4861 0.1746
vn 0.9417 -0.2880 0.1742
vn 0.9020 -0.2353 0.3621
vn 0.7938 -0.6039 0.0724
vn 0.7675 -0.2912 0.5711
vt 0.136778 0.027763
vt 0.123569 0.021228
vt 0.133099 0.002130
vt 0.224596 0.108279
vt 0.242089 0.096482
vt 0.250756 0.103802
vt 0.273263 0.157728
vt 0.276715 0.196920
vt 0.256536 0.161639
vt 0.259533 0.125214
vt 0.245291 0.139463
vt 0.308258 0.260653
vt 0.274091 0.217696
vt 0.314143 0.250988
vt 0.290666 0.201780
vt 0.327455 0.278020
vt 0.317972 0.294745
vt 0.295959 0.262213
vt 0.334735 0.356945
vt 0.311868 0.321535
vt 0.337136 0.319076
vt 0.169048 0.203032
vt 0.186982 0.179044
vt 0.194408 0.227212
vt 0.158182 0.052533
vt 0.148674 0.072168
vt 0.116899 -0.000000
vt 0.155643 0.152372
vt 0.095148 0.160304
vt 0.158432 0.112943
vt 0.071556 0.129652
vt 0.079715 0.109468
vt 0.129368 0.231783
vt 0.096602 0.257380
vt 0.049799 0.171614
vt 0.041295 0.225909
vt 0.159525 0.359264
vt 0.134366 0.380506
vt 0.137108 0.308247
vt 0.083145 0.344869
vt 0.099714 0.300279
vt 0.202136 0.286327
vt 0.025489 0.285904
vt 0.017087 0.327197
vt 0.088011 0.380262
vt 0.043105 0.394682
vt 0.095127 0.061544
vt 0.049514 0.143782
vt 0.296862 0.578231
vt 0.310356 0.563083
vt 0.296560 0.623532
vt -0.000000 0.392612
vt 0.005537 0.369211
vt 0.004694 0.409864
vt 0.362044 0.422400
vt 0.348968 0.404506
vt 0.363410 0.412288
vt 0.150481 0.017526
vt 0.346713 0.419888
vt 0.327052 0.413208
vt 0.230826 0.071197
vt 0.251044 0.062874
vt 0.249497 0.079641
vt 0.257428 0.091299
vt 0.282582 0.060517
vt 0.430395 0.356938
vt 0.400345 0.377675
vt 0.380703 0.376699
vt 0.460150 0.392326
vt 0.441886 0.371857
vt 0.475523 0.389494
vt 0.373775 0.324688
vt 0.353657 0.350231
vt 0.481636 0.404506
vt 0.355020 0.367341
vt 0.166317 0.399740
vt 0.182068 0.404311
vt 0.158327 0.431823
vt 0.361020 0.218026
vt 0.407343 0.249905
vt 0.381808 0.293112
vt 0.297530 0.086942
vt 0.313457 0.158434
vt 0.379897 0.165708
vt 0.349035 0.073494
vt 0.427707 0.215890
vt 0.448636 0.197099
vt 0.447547 0.162657
vt 0.397623 0.099087
vt 0.422233 0.076254
vt 0.461604 0.138508
vt 0.446612 0.262836
vt 0.432209 0.302337
vt 0.489117 0.243785
vt 0.486286 0.183976
vt 0.487113 0.143199
vt 0.463194 0.123972
vt 0.484613 0.289689
vt 0.487956 0.334319
vt 0.186216 0.349686
vt 0.217694 0.325519
vt 0.224596 0.346715
vt 0.046519 0.088463
vt 0.023094 0.124422
vt 0.062493 0.026625
vt 0.246105 0.664348
vt 0.293256 0.665058
vt 0.274593 0.703980
vt 0.230241 0.549341
vt 0.275158 0.566526
vt 0.247572 0.584691
vt 0.276703 0.404506
vt 0.299304 0.459383
vt 0.249575 0.411402
vt -0.000000 0.068939
vt 0.224596 0.415247
vt 0.278499 0.514375
vt 0.224755 0.464994
vt 0.227235 0.506669
vt 0.026244 0.056775
vt 0.029715 0.045420
vt 0.107594 0.011789
vt 0.378094 0.414323
vt 0.407831 0.451230
vt 0.043844 0.416741
vt 0.028607 0.426351
vt 0.052033 0.438466
vt 0.062003 0.433688
vt 0.682343 0.358791
vt 0.683045 0.350002
vt 0.695370 0.358109
vt 0.085041 0.407728
vt 0.196562 0.383169
vt 0.209826 0.368838
vt 0.129591 0.405900
vt 0.119351 0.439209
vt 0.138428 0.446691
vt 0.080447 0.441036
vt 0.428485 0.481108
vt 0.362837 0.491031
vt 0.363575 0.455235
vt 0.410768 0.520764
vt 0.356824 0.515966
vt 0.351289 0.505480
vt 0.415155 0.599705
vt 0.396536 0.570706
vt 0.425027 0.558727
vt 0.477918 0.549108
vt 0.443574 0.582407
vt 0.459751 0.500112
vt 0.387239 0.543367
vt 0.347422 0.567334
vt 0.359963 0.627786
vt 0.338725 0.494631
vt 0.344138 0.451477
vt 0.340015 0.509116
vt 0.329113 0.550760
vt 0.451764 0.011164
vt 0.415689 0.010097
vt 0.464457 0.006374
vt 0.367776 0.008600
vt 0.411146 0.000000
vt 0.355826 0.022646
vt 0.323253 0.003570
vt 0.403610 0.026829
vt 0.309382 0.043017
vt 0.267363 0.021392
vt 0.310020 0.009540
vt 0.395552 0.061405
vt 0.464222 0.085120
vt 0.454819 0.032216
vt 0.426357 0.024645
vt 0.547004 0.401449
vt 0.561150 0.386479
vt 0.567193 0.400679
vt 0.582274 0.389726
vt 0.607399 0.393270
vt 0.624197 0.353932
vt 0.523411 0.328703
vt 0.516831 0.283505
vt 0.553508 0.297351
vt 0.502249 0.399404
vt 0.576577 0.326279
vt 0.533448 0.182456
vt 0.541165 0.256420
vt 0.505523 0.238421
vt 0.611209 0.262165
vt 0.629660 0.290386
vt 0.590482 0.241402
vt 0.502249 0.176888
vt 0.657721 0.368111
vt 0.636552 0.382991
vt 0.483487 0.104088
vt 0.475122 0.056090
vt 0.482494 0.042640
vt 0.467139 0.020152
vt 0.488362 0.079614
vt 0.502249 0.068639
vt 0.499905 0.100777
vt 0.495170 0.120956
vt 0.521487 0.064022
vt 0.521238 0.015882
vt 0.535462 0.016963
vt 0.502249 0.135451
vt 0.507863 0.113388
vt 0.523933 0.141709
vt 0.553624 0.178063
vt 0.559802 0.170603
vt 0.566911 0.204440
vt 0.535462 0.161910
vt 0.686476 0.328307
vt 0.253542 0.712189
vt 0.226256 0.577612
vt 0.253708 0.621249
vt 0.241159 0.618439
vt 0.225342 0.534537
vt 0.225238 0.533349
vt 0.224596 0.544801
vt 0.225175 0.533159
vt 0.225088 0.533161
vt 0.225449 0.507237
vt 0.705808 0.161879
vt 0.679782 0.185141
vt 0.705632 0.124249
vt 0.698291 0.191962
vt 0.711219 0.166775
vt 0.705633 0.082119
vt 0.680026 0.068726
vt 0.710470 0.031583
vt 0.684029 0.135637
vt 0.665076 0.101232
vt 0.657436 0.137575
vt 0.669769 0.333009
vt 0.668978 0.349916
vt 0.674686 0.298695
vt 0.703314 0.282324
vt 0.703618 0.235336
vt 0.701464 0.255054
vt 0.641320 0.220569
vt 0.644888 0.259383
vt 0.657658 0.287728
vt 0.612873 0.210726
vt 0.655017 0.305356
vt 0.537313 0.000000
vt 0.561545 0.227722
vt 0.624983 0.240033
vt 0.585913 0.216567
vt 0.540636 0.027755
vt 0.574887 0.096164
vt 0.545735 0.090095
vt 0.574734 0.133350
vt 0.595873 0.151917
vt 0.584895 0.173860
vt 0.606830 0.182340
vt 0.548559 0.120532
vt 0.509813 0.093912
vt 0.609230 0.007916
vt 0.631072 0.019800
vt 0.609833 0.091969
vt 0.573232 0.002711
vt 0.633480 0.086088
vt 0.663897 0.020485
vt 0.627792 0.143169
vt 0.232792 0.087611
vt 0.178646 0.095953
vt 0.180042 0.120847
vt 0.152170 0.037888
vt 0.237021 0.051110
vt 0.425771 0.380977
vt 0.327052 0.509342
vt 0.265541 0.738931
vt 0.277068 0.727664
vt 0.694597 0.370334
vt 0.664530 0.379059
vt 0.273648 0.745034
vt 0.391911 0.609565
vt 0.473927 0.524171
vt 0.327052 0.646563
vt 0.334274 0.594167
vt 0.482070 0.021374
vt 0.239702 0.638082
vt 0.676120 0.030184
vt 0.554566 0.008594
s 1
usemtl stones
f 1231/1455/1190 1193/1456/1191 1194/1457/1192
f 1240/1458/1193 1232/1459/1194 1237/1460/1195
f 1258/1461/1196 1234/1462/1197 1191/1463/1198
f 1258/1461/1196 1191/1463/1198 1201/1464/1199
f 1237/1460/1195 1201/1464/1199 1238/1465/1200
f 1190/1466/1201 1239/1467/1202 1266/1468/1203
f 1234/1462/1197 1200/1469/1204 1266/1468/1203
f 1190/1466/1201 1198/1470/1205 1235/1471/1206
f 1234/1462/1197 1239/1467/1202 1191/1463/1198
f 1190/1466/1201 1236/1472/1207 1239/1467/1202
f 1264/1473/1208 1247/1474/1209 1265/1475/1210
f 1265/1475/1210 1247/1474/1209 1235/1471/1206
f 1248/1476/1211 1239/1477/1202 1236/1478/1207
f 1230/1479/1212 1240/1480/1193 1231/1455/1190
f 1247/1474/1209 1236/1472/1207 1235/1471/1206
f 1193/1456/1191 1294/1481/1213 1194/1457/1192
f 1242/1482/1214 1243/1483/1215 1241/1484/1216
f 1241/1484/1216 1254/1485/1217 1255/1486/1218
f 1243/1483/1215 1254/1485/1217 1241/1484/1216
f 1249/1487/1219 1244/1488/1220 1243/1483/1215
f 1243/1483/1215 1244/1488/1220 1195/1489/1221
f 1244/1488/1220 1251/1490/1222 1195/1489/1221
f 1245/1491/1223 1283/1492/1224 1246/1493/1225
f 1283/1492/1224 1253/1494/1226 1246/1493/1225
f 1253/1494/1226 1252/1495/1227 1246/1493/1225
f 1247/1496/1209 1246/1493/1225 1236/1478/1207
f 1246/1493/1225 1249/1487/1219 1236/1478/1207
f 1246/1493/1225 1244/1488/1220 1249/1487/1219
f 1248/1476/1211 1249/1487/1219 1242/1482/1214
f 1250/1497/1228 1253/1494/1226 1285/1498/1229
f 1251/1490/1222 1244/1488/1220 1250/1497/1228
f 1253/1494/1226 1284/1499/1230 1300/1500/1231
f 1231/1455/1190 1192/1501/1232 1193/1456/1191
f 1240/1480/1193 1192/1501/1232 1231/1455/1190
f 1195/1489/1221 1204/1502/1233 1254/1485/1217
f 1205/1503/1234 1251/1504/1222 1250/1505/1228
f 1299/1506/1235 1349/1507/1236 1295/1508/1237
f 1210/1509/1238 1194/1510/1192 1294/1511/1213
f 1197/1512/1239 1231/1455/1190 1194/1457/1192
f 1211/1513/1240 1197/1514/1239 1194/1510/1192
f 1229/1515/1241 1256/1516/1242 1257/1517/1243
f 1201/1464/1199 1237/1460/1195 1233/1518/1244
f 1320/1519/1245 1201/1464/1199 1233/1518/1244
f 1281/1520/1246 1259/1521/1247 1261/1522/1248
f 1260/1523/1249 1280/1524/1250 1279/1525/1251
f 1202/1526/1252 1261/1522/1248 1262/1527/1253
f 1304/1528/1254 1260/1523/1249 1279/1525/1251
f 1261/1522/1248 1263/1529/1255 1262/1527/1253
f 1302/1530/1256 1199/1531/1257 1260/1532/1249
f 1262/1527/1253 1263/1529/1255 1264/1473/1208
f 1200/1469/1204 1267/1533/1258 1266/1468/1203
f 1267/1533/1258 1276/1534/1259 1203/1535/1260
f 1320/1519/1245 1268/1536/1261 1201/1464/1199
f 1201/1464/1199 1270/1537/1262 1258/1461/1196
f 1272/1538/1263 1270/1537/1262 1269/1539/1264
f 1270/1537/1262 1267/1533/1258 1200/1469/1204
f 1274/1540/1265 1272/1538/1263 1271/1541/1266
f 1275/1542/1267 1272/1538/1263 1214/1543/1268
f 1275/1542/1267 1324/1544/1269 1273/1545/1270
f 1265/1475/1210 1202/1526/1252 1262/1527/1253
f 1276/1534/1259 1278/1546/1271 1277/1547/1272
f 1327/1548/1273 1271/1541/1266 1217/1549/1274
f 1329/1550/1275 1273/1545/1270 1337/1551/1276
f 1328/1552/1277 1278/1546/1271 1327/1548/1273
f 1279/1525/1251 1280/1524/1250 1216/1553/1278
f 1280/1524/1250 1281/1520/1246 1216/1553/1278
f 1216/1553/1278 1281/1520/1246 1277/1547/1272
f 1282/1554/1279 1264/1555/1208 1263/1556/1255
f 1255/1486/1218 1287/1557/1280 1192/1501/1232
f 1204/1502/1233 1195/1489/1221 1288/1558/1281
f 1204/1502/1233 1288/1558/1281 1287/1557/1280
f 1287/1557/1280 1292/1559/1282 1192/1501/1232
f 1350/1560/1283 1285/1561/1229 1349/1562/1236
f 1355/1563/1284 1289/1564/1285 1220/1565/1286
f 1220/1565/1286 1250/1505/1228 1285/1561/1229
f 1293/1566/1287 1288/1567/1281 1291/1568/1288
f 1293/1569/1287 1287/1557/1280 1288/1558/1281
f 1291/1568/1288 1288/1567/1281 1222/1570/1289
f 1222/1570/1289 1286/1571/1290 1367/1572/1291
f 1222/1570/1289 1288/1567/1281 1286/1571/1290
f 1354/1573/1292 1286/1571/1290 1355/1563/1284
f 1355/1563/1284 1286/1571/1290 1289/1564/1285
f 1220/1565/1286 1205/1503/1234 1250/1505/1228
f 1367/1572/1291 1286/1571/1290 1354/1573/1292
f 1292/1559/1282 1290/1574/1293 1206/1575/1294
f 1192/1501/1232 1292/1559/1282 1196/1576/1295
f 1210/1509/1238 1196/1577/1295 1292/1578/1282
f 1295/1508/1237 1296/1579/1296 1297/1580/1297
f 1215/1581/1298 1296/1579/1296 1207/1582/1299
f 1297/1580/1297 1296/1579/1296 1215/1581/1298
f 1376/1583/1300 1219/1584/1301 1298/1585/1302
f 1284/1499/1230 1301/1586/1303 1300/1500/1231
f 1300/1500/1231 1296/1579/1296 1295/1508/1237
f 1259/1587/1247 1282/1554/1279 1261/1588/1248
f 1199/1531/1257 1302/1530/1256 1259/1587/1247
f 1260/1532/1249 1306/1589/1304 1302/1530/1256
f 1302/1530/1256 1283/1492/1224 1245/1491/1223
f 1305/1590/1305 1301/1586/1303 1306/1589/1304
f 1304/1591/1254 1306/1589/1304 1260/1532/1249
f 1303/1592/1306 1207/1582/1299 1301/1586/1303
f 1206/1593/1294 1313/1594/1307 1292/1578/1282
f 1292/1578/1282 1313/1594/1307 1308/1595/1308
f 1310/1596/1309 1208/1597/1310 1313/1594/1307
f 1313/1594/1307 1208/1597/1310 1307/1598/1311
f 1375/1599/1312 1358/1600/1313 1311/1601/1314
f 1222/1602/1289 1374/1603/1315 1311/1601/1314
f 1310/1596/1309 1206/1593/1294 1293/1604/1287
f 1311/1601/1314 1312/1605/1316 1310/1596/1309
f 1208/1597/1310 1312/1605/1316 1309/1606/1317
f 1309/1606/1317 1358/1600/1313 1357/1607/1318
f 1208/1597/1310 1310/1596/1309 1312/1605/1316
f 1307/1598/1311 1212/1608/1319 1313/1594/1307
f 1308/1595/1308 1314/1609/1320 1211/1513/1240
f 1212/1608/1319 1307/1598/1311 1315/1610/1321
f 1213/1611/1322 1315/1610/1321 1208/1597/1310
f 1382/1612/1323 1316/1613/1324 1224/1614/1325
f 1316/1613/1324 1213/1615/1322 1209/1616/1326
f 1213/1615/1322 1317/1617/1327 1315/1618/1321
f 1317/1617/1327 1213/1615/1322 1318/1619/1328
f 1318/1619/1328 1213/1615/1322 1316/1613/1324
f 1315/1618/1321 1317/1617/1327 1319/1620/1329
f 1314/1621/1320 1212/1622/1319 1320/1519/1245
f 1314/1621/1320 1320/1519/1245 1256/1516/1242
f 1269/1539/1264 1317/1617/1327 1321/1623/1330
f 1319/1620/1329 1268/1536/1261 1320/1519/1245
f 1321/1623/1330 1214/1543/1268 1269/1539/1264
f 1338/1624/1331 1337/1551/1276 1322/1625/1332
f 1337/1551/1276 1323/1626/1333 1322/1625/1332
f 1324/1544/1269 1321/1623/1330 1318/1619/1328
f 1324/1544/1269 1323/1626/1333 1337/1551/1276
f 1273/1545/1270 1324/1544/1269 1337/1551/1276
f 1304/1627/1254 1326/1628/1334 1305/1629/1305
f 1305/1629/1305 1326/1628/1334 1325/1630/1335
f 1303/1631/1306 1325/1630/1335 1335/1632/1336
f 1216/1633/1278 1328/1634/1277 1332/1635/1337
f 1216/1553/1278 1326/1636/1334 1279/1525/1251
f 1216/1633/1278 1332/1635/1337 1330/1637/1338
f 1326/1628/1334 1330/1637/1338 1335/1632/1336
f 1331/1638/1339 1333/1639/1340 1327/1640/1273
f 1333/1639/1340 1332/1635/1337 1328/1634/1277
f 1333/1639/1340 1328/1634/1277 1327/1640/1273
f 1330/1637/1338 1336/1641/1341 1383/1642/1342
f 1336/1641/1341 1330/1637/1338 1387/1643/1343
f 1331/1638/1339 1327/1640/1273 1217/1644/1274
f 1334/1645/1344 1215/1646/1298 1335/1632/1336
f 1303/1631/1306 1335/1632/1336 1215/1646/1298
f 1343/1647/1345 1338/1624/1331 1339/1648/1346
f 1337/1551/1276 1338/1624/1331 1343/1647/1345
f 1218/1649/1347 1339/1648/1346 1381/1650/1348
f 1342/1651/1349 1218/1649/1347 1341/1652/1350
f 1343/1647/1345 1344/1653/1351 1345/1654/1352
f 1341/1652/1350 1344/1653/1351 1342/1651/1349
f 1341/1655/1350 1340/1656/1353 1380/1657/1354
f 1329/1658/1275 1345/1659/1352 1347/1660/1355
f 1348/1661/1356 1394/1662/1357 1388/1663/1358
f 1348/1661/1356 1346/1664/1359 1394/1662/1357
f 1365/1665/1360 1298/1585/1302 1219/1584/1301
f 1365/1666/1360 1350/1560/1283 1349/1562/1236
f 1220/1565/1286 1352/1667/1361 1355/1563/1284
f 1351/1668/1362 1366/1669/1363 1220/1565/1286
f 1220/1565/1286 1366/1669/1363 1352/1667/1361
f 1355/1563/1284 1361/1670/1364 1354/1573/1292
f 1361/1670/1364 1362/1671/1365 1354/1573/1292
f 1361/1670/1364 1355/1563/1284 1221/1672/1366
f 1362/1671/1365 1363/1673/1367 1354/1573/1292
f 1363/1673/1367 1364/1674/1368 1354/1675/1292
f 1364/1674/1368 1221/1672/1366 1354/1675/1292
f 1221/1676/1366 1368/1677/1369 1354/1678/1292
f 1352/1679/1361 1368/1677/1369 1355/1680/1284
f 1367/1681/1291 1373/1682/1370 1222/1683/1289
f 1368/1677/1369 1371/1684/1371 1354/1678/1292
f 1367/1681/1291 1371/1684/1371 1395/1685/1372
f 1371/1684/1371 1370/1686/1373 1395/1685/1372
f 1377/1687/1374 1365/1665/1360 1378/1688/1375
f 1369/1689/1376 1350/1690/1283 1365/1665/1360
f 1369/1689/1376 1366/1691/1363 1353/1692/1377
f 1370/1686/1373 1371/1684/1371 1372/1693/1378
f 1372/1693/1378 1368/1677/1369 1366/1691/1363
f 1379/1694/1379 1366/1691/1363 1223/1695/1380
f 1378/1688/1375 1219/1584/1301 1376/1583/1300
f 1370/1686/1373 1372/1693/1378 1390/1696/1381
f 1379/1694/1379 1225/1697/1382 1383/1642/1342
f 1377/1687/1374 1225/1697/1382 1369/1689/1376
f 1225/1697/1382 1223/1695/1380 1369/1689/1376
f 1380/1657/1354 1340/1656/1353 1224/1698/1325
f 1382/1612/1323 1381/1650/1348 1322/1625/1332
f 1382/1612/1323 1322/1625/1332 1316/1613/1324
f 1383/1642/1342 1225/1697/1382 1377/1687/1374
f 1348/1661/1356 1331/1638/1339 1346/1664/1359
f 1348/1661/1356 1384/1699/1383 1331/1638/1339
f 1385/1700/1384 1383/1642/1342 1336/1641/1341
f 1385/1700/1384 1387/1643/1343 1390/1696/1381
f 1385/1700/1384 1336/1641/1341 1387/1643/1343
f 1386/1701/1385 1384/1699/1383 1388/1663/1358
f 1386/1701/1385 1387/1643/1343 1384/1699/1383
f 1335/1632/1336 1377/1687/1374 1378/1688/1375
f 1383/1642/1342 1377/1687/1374 1335/1632/1336
f 1226/1702/1386 1389/1703/1387 1392/1704/1388
f 1389/1703/1387 1227/1705/1389 1392/1704/1388
f 1397/1706/1390 1391/1707/1391 1227/1705/1389
f 1228/1708/1392 1391/1707/1391 1397/1706/1390
f 1391/1707/1391 1228/1708/1392 1390/1696/1381
f 1380/1657/1354 1226/1702/1386 1341/1655/1350
f 1386/1701/1385 1391/1707/1391 1390/1696/1381
f 1386/1701/1385 1394/1662/1357 1391/1707/1391
f 1394/1662/1357 1227/1705/1389 1391/1707/1391
f 1394/1662/1357 1393/1709/1393 1227/1705/1389
f 1344/1710/1351 1392/1704/1388 1345/1659/1352
f 1341/1655/1350 1392/1704/1388 1344/1710/1351
f 1347/1660/1355 1393/1709/1393 1346/1664/1359
f 1360/1711/1394 1375/1712/1312 1398/1713/1395
f 1398/1713/1395 1389/1703/1387 1357/1714/1318
f 1396/1715/1396 1398/1713/1395 1375/1712/1312
f 1395/1685/1372 1375/1712/1312 1374/1716/1315
f 1395/1685/1372 1396/1715/1396 1375/1712/1312
f 1397/1706/1390 1399/1717/1397 1228/1708/1392
f 1389/1703/1387 1398/1713/1395 1397/1706/1390
f 1228/1708/1392 1370/1686/1373 1390/1696/1381
f 1399/1717/1397 1370/1686/1373 1228/1708/1392
f 1240/1458/1193 1230/1718/1212 1232/1459/1194
f 1230/1718/1212 1229/1515/1241 1257/1517/1243
f 1257/1517/1243 1232/1459/1194 1230/1718/1212
f 1257/1517/1243 1233/1518/1244 1232/1459/1194
f 1232/1459/1194 1233/1518/1244 1237/1460/1195
f 1201/1464/1199 1191/1463/1198 1238/1465/1200
f 1190/1466/1201 1266/1468/1203 1198/1470/1205
f 1239/1467/1202 1234/1462/1197 1266/1468/1203
f 1265/1475/1210 1235/1471/1206 1198/1470/1205
f 1262/1527/1253 1264/1473/1208 1265/1475/1210
f 1235/1471/1206 1236/1472/1207 1190/1466/1201
f 1238/1719/1200 1191/1720/1198 1241/1484/1216
f 1191/1720/1198 1239/1477/1202 1241/1484/1216
f 1237/1460/1195 1238/1465/1200 1240/1458/1193
f 1241/1484/1216 1239/1477/1202 1242/1482/1214
f 1241/1484/1216 1240/1480/1193 1238/1719/1200
f 1248/1476/1211 1242/1482/1214 1239/1477/1202
f 1229/1721/1241 1230/1479/1212 1231/1455/1190
f 1282/1554/1279 1247/1496/1209 1264/1555/1208
f 1196/1576/1295 1294/1481/1213 1193/1456/1191
f 1240/1480/1193 1255/1486/1218 1192/1501/1232
f 1240/1480/1193 1241/1484/1216 1255/1486/1218
f 1242/1482/1214 1249/1487/1219 1243/1483/1215
f 1243/1483/1215 1195/1489/1221 1254/1485/1217
f 1282/1554/1279 1245/1491/1223 1246/1493/1225
f 1236/1478/1207 1249/1487/1219 1248/1476/1211
f 1246/1493/1225 1252/1495/1227 1244/1488/1220
f 1349/1507/1236 1285/1498/1229 1300/1500/1231
f 1285/1498/1229 1253/1494/1226 1300/1500/1231
f 1349/1507/1236 1300/1500/1231 1295/1508/1237
f 1250/1497/1228 1244/1488/1220 1252/1495/1227
f 1250/1497/1228 1252/1495/1227 1253/1494/1226
f 1284/1499/1230 1253/1494/1226 1283/1492/1224
f 1247/1496/1209 1282/1554/1279 1246/1493/1225
f 1204/1502/1233 1255/1486/1218 1254/1485/1217
f 1196/1576/1295 1193/1456/1191 1192/1501/1232
f 1211/1513/1240 1210/1509/1238 1308/1595/1308
f 1210/1509/1238 1211/1513/1240 1194/1510/1192
f 1197/1722/1239 1256/1516/1242 1229/1515/1241
f 1231/1455/1190 1197/1512/1239 1229/1721/1241
f 1314/1609/1320 1197/1514/1239 1211/1513/1240
f 1314/1621/1320 1256/1516/1242 1197/1722/1239
f 1234/1462/1197 1258/1461/1196 1200/1469/1204
f 1259/1521/1247 1281/1520/1246 1280/1524/1250
f 1260/1523/1249 1199/1723/1257 1280/1524/1250
f 1199/1723/1257 1259/1521/1247 1280/1524/1250
f 1265/1475/1210 1198/1470/1205 1202/1526/1252
f 1198/1470/1205 1266/1468/1203 1202/1526/1252
f 1202/1526/1252 1266/1468/1203 1203/1535/1260
f 1203/1535/1260 1266/1468/1203 1267/1533/1258
f 1268/1536/1261 1269/1539/1264 1270/1537/1262
f 1201/1464/1199 1268/1536/1261 1270/1537/1262
f 1258/1461/1196 1270/1537/1262 1200/1469/1204
f 1272/1538/1263 1267/1533/1258 1270/1537/1262
f 1271/1541/1266 1272/1538/1263 1275/1542/1267
f 1274/1540/1265 1276/1534/1259 1272/1538/1263
f 1272/1538/1263 1276/1534/1259 1267/1533/1258
f 1214/1543/1268 1272/1538/1263 1269/1539/1264
f 1273/1545/1270 1271/1541/1266 1275/1542/1267
f 1203/1535/1260 1276/1534/1259 1277/1547/1272
f 1276/1534/1259 1274/1540/1265 1278/1546/1271
f 1261/1522/1248 1202/1526/1252 1281/1520/1246
f 1202/1526/1252 1203/1535/1260 1281/1520/1246
f 1203/1535/1260 1277/1547/1272 1281/1520/1246
f 1217/1549/1274 1273/1545/1270 1329/1550/1275
f 1217/1549/1274 1271/1541/1266 1273/1545/1270
f 1327/1548/1273 1278/1546/1271 1271/1541/1266
f 1271/1541/1266 1278/1546/1271 1274/1540/1265
f 1277/1547/1272 1328/1552/1277 1216/1553/1278
f 1328/1552/1277 1277/1547/1272 1278/1546/1271
f 1343/1647/1345 1329/1550/1275 1337/1551/1276
f 1263/1556/1255 1261/1588/1248 1282/1554/1279
f 1255/1486/1218 1204/1502/1233 1287/1557/1280
f 1195/1724/1221 1286/1571/1290 1288/1567/1281
f 1287/1557/1280 1293/1569/1287 1290/1574/1293
f 1285/1561/1229 1351/1668/1362 1220/1565/1286
f 1220/1565/1286 1289/1564/1285 1205/1503/1234
f 1289/1564/1285 1251/1504/1222 1205/1503/1234
f 1289/1564/1285 1286/1571/1290 1251/1504/1222
f 1251/1504/1222 1286/1571/1290 1195/1724/1221
f 1298/1725/1302 1349/1562/1236 1299/1726/1235
f 1287/1557/1280 1290/1574/1293 1292/1559/1282
f 1293/1569/1287 1206/1575/1294 1290/1574/1293
f 1210/1509/1238 1294/1511/1213 1196/1577/1295
f 1295/1727/1237 1297/1728/1297 1376/1583/1300
f 1295/1727/1237 1376/1583/1300 1298/1585/1302
f 1298/1725/1302 1299/1726/1235 1295/1729/1237
f 1283/1492/1224 1306/1589/1304 1284/1499/1230
f 1300/1500/1231 1301/1586/1303 1296/1579/1296
f 1284/1499/1230 1306/1589/1304 1301/1586/1303
f 1296/1579/1296 1301/1586/1303 1207/1582/1299
f 1259/1587/1247 1302/1530/1256 1282/1554/1279
f 1282/1554/1279 1302/1530/1256 1245/1491/1223
f 1302/1530/1256 1306/1589/1304 1283/1492/1224
f 1305/1590/1305 1303/1592/1306 1301/1586/1303
f 1305/1590/1305 1306/1589/1304 1304/1591/1254
f 1292/1578/1282 1308/1595/1308 1210/1509/1238
f 1206/1593/1294 1310/1596/1309 1313/1594/1307
f 1375/1599/1312 1360/1730/1394 1358/1600/1313
f 1291/1731/1288 1222/1602/1289 1311/1601/1314
f 1291/1731/1288 1311/1601/1314 1293/1604/1287
f 1293/1604/1287 1311/1601/1314 1310/1596/1309
f 1224/1732/1325 1209/1733/1326 1357/1607/1318
f 1209/1733/1326 1309/1606/1317 1357/1607/1318
f 1309/1606/1317 1312/1605/1316 1358/1600/1313
f 1358/1600/1313 1312/1605/1316 1311/1601/1314
f 1374/1603/1315 1375/1599/1312 1311/1601/1314
f 1308/1595/1308 1313/1594/1307 1314/1609/1320
f 1316/1613/1324 1209/1616/1326 1224/1614/1325
f 1209/1733/1326 1213/1611/1322 1309/1606/1317
f 1213/1611/1322 1208/1597/1310 1309/1606/1317
f 1314/1609/1320 1313/1594/1307 1212/1608/1319
f 1315/1610/1321 1307/1598/1311 1208/1597/1310
f 1323/1626/1333 1316/1613/1324 1322/1625/1332
f 1323/1626/1333 1318/1619/1328 1316/1613/1324
f 1212/1622/1319 1315/1618/1321 1319/1620/1329
f 1320/1519/1245 1212/1622/1319 1319/1620/1329
f 1321/1623/1330 1317/1617/1327 1318/1619/1328
f 1269/1539/1264 1319/1620/1329 1317/1617/1327
f 1233/1518/1244 1257/1517/1243 1320/1519/1245
f 1257/1517/1243 1256/1516/1242 1320/1519/1245
f 1319/1620/1329 1269/1539/1264 1268/1536/1261
f 1318/1619/1328 1323/1626/1333 1324/1544/1269
f 1275/1542/1267 1214/1543/1268 1324/1544/1269
f 1324/1544/1269 1214/1543/1268 1321/1623/1330
f 1279/1525/1251 1326/1636/1334 1304/1528/1254
f 1305/1629/1305 1325/1630/1335 1303/1631/1306
f 1207/1582/1299 1303/1592/1306 1215/1581/1298
f 1326/1628/1334 1216/1633/1278 1330/1637/1338
f 1325/1630/1335 1326/1628/1334 1335/1632/1336
f 1347/1660/1355 1217/1644/1274 1329/1658/1275
f 1384/1699/1383 1387/1643/1343 1332/1635/1337
f 1384/1699/1383 1332/1635/1337 1333/1639/1340
f 1334/1645/1344 1335/1632/1336 1378/1688/1375
f 1335/1632/1336 1330/1637/1338 1383/1642/1342
f 1330/1637/1338 1332/1635/1337 1387/1643/1343
f 1331/1638/1339 1217/1644/1274 1347/1660/1355
f 1384/1699/1383 1333/1639/1340 1331/1638/1339
f 1297/1728/1297 1334/1645/1344 1376/1583/1300
f 1297/1728/1297 1215/1646/1298 1334/1645/1344
f 1339/1648/1346 1338/1624/1331 1322/1625/1332
f 1339/1648/1346 1342/1651/1349 1343/1647/1345
f 1381/1650/1348 1339/1648/1346 1322/1625/1332
f 1339/1648/1346 1218/1649/1347 1342/1651/1349
f 1340/1734/1353 1341/1652/1350 1218/1649/1347
f 1343/1647/1345 1342/1651/1349 1344/1653/1351
f 1386/1701/1385 1388/1663/1358 1394/1662/1357
f 1345/1654/1352 1329/1550/1275 1343/1647/1345
f 1331/1638/1339 1347/1660/1355 1346/1664/1359
f 1351/1668/1362 1350/1560/1283 1353/1735/1377
f 1353/1735/1377 1366/1669/1363 1351/1668/1362
f 1298/1725/1302 1365/1666/1360 1349/1562/1236
f 1285/1561/1229 1350/1560/1283 1351/1668/1362
f 1356/1736/1398 1374/1716/1315 1222/1683/1289
f 1357/1714/1318 1359/1737/1399 1224/1698/1325
f 1357/1607/1318 1358/1600/1313 1360/1730/1394
f 1361/1670/1364 1221/1672/1366 1362/1671/1365
f 1362/1671/1365 1221/1672/1366 1363/1673/1367
f 1363/1673/1367 1221/1672/1366 1364/1674/1368
f 1354/1678/1292 1371/1684/1371 1367/1681/1291
f 1355/1680/1284 1368/1677/1369 1221/1676/1366
f 1367/1681/1291 1395/1685/1372 1373/1682/1370
f 1377/1687/1374 1369/1689/1376 1365/1665/1360
f 1223/1695/1380 1366/1691/1363 1369/1689/1376
f 1350/1690/1283 1369/1689/1376 1353/1692/1377
f 1372/1693/1378 1371/1684/1371 1368/1677/1369
f 1379/1694/1379 1372/1693/1378 1366/1691/1363
f 1352/1679/1361 1366/1691/1363 1368/1677/1369
f 1219/1584/1301 1378/1688/1375 1365/1665/1360
f 1373/1682/1370 1356/1736/1398 1222/1683/1289
f 1379/1694/1379 1383/1642/1342 1385/1700/1384
f 1334/1645/1344 1378/1688/1375 1376/1583/1300
f 1390/1696/1381 1372/1693/1378 1385/1700/1384
f 1385/1700/1384 1372/1693/1378 1379/1694/1379
f 1225/1697/1382 1379/1694/1379 1223/1695/1380
f 1359/1737/1399 1226/1702/1386 1380/1657/1354
f 1359/1737/1399 1380/1657/1354 1224/1698/1325
f 1224/1614/1325 1381/1650/1348 1382/1612/1323
f 1381/1650/1348 1224/1614/1325 1340/1734/1353
f 1218/1649/1347 1381/1650/1348 1340/1734/1353
f 1386/1701/1385 1390/1696/1381 1387/1643/1343
f 1348/1661/1356 1388/1663/1358 1384/1699/1383
f 1359/1737/1399 1389/1703/1387 1226/1702/1386
f 1227/1705/1389 1389/1703/1387 1397/1706/1390
f 1392/1704/1388 1227/1705/1389 1393/1709/1393
f 1226/1702/1386 1392/1704/1388 1341/1655/1350
f 1345/1659/1352 1392/1704/1388 1393/1709/1393
f 1345/1659/1352 1393/1709/1393 1347/1660/1355
f 1346/1664/1359 1393/1709/1393 1394/1662/1357
f 1360/1711/1394 1398/1713/1395 1357/1714/1318
f 1359/1737/1399 1357/1714/1318 1389/1703/1387
f 1370/1686/1373 1399/1717/1397 1395/1685/1372
f 1356/1736/1398 1373/1682/1370 1395/1685/1372
f 1395/1685/1372 1399/1717/1397 1396/1715/1396
f 1356/1736/1398 1395/1685/1372 1374/1716/1315
f 1397/1706/1390 1398/1713/1395 1399/1717/1397
f 1399/1717/1397 1398/1713/1395 1396/1715/1396
